令和3年1月1日住民基本台帳人口・世帯数、令和2年（1月1日から同年12月31日まで）人口動態（市区町村別）（総計）,,,
,,,令和3年
,,,2021年
,,,人口
,,,計
団体コード,都道府県名,市区町村名,人
-,合計,-,126654244 
010006,北海道,-,5228732 
011002,北海道,札幌市,1961575 
012025,北海道,函館市,251891 
012033,北海道,小樽市,112450 
012041,北海道,旭川市,331397 
012050,北海道,室蘭市,81579 
012068,北海道,釧路市,165667 
012076,北海道,帯広市,165670 
012084,北海道,北見市,115435 
012092,北海道,夕張市,7430 
012106,北海道,岩見沢市,79352 
012114,北海道,網走市,34640 
012122,北海道,留萌市,20257 
012131,北海道,苫小牧市,170205 
012149,北海道,稚内市,33032 
012157,北海道,美唄市,20504 
012165,北海道,芦別市,12774 
012173,北海道,江別市,119815 
012181,北海道,赤平市,9642 
012190,北海道,紋別市,21317 
012203,北海道,士別市,18134 
012211,北海道,名寄市,27059 
012220,北海道,三笠市,8148 
012238,北海道,根室市,24858 
012246,北海道,千歳市,97942 
012254,北海道,滝川市,39264 
012262,北海道,砂川市,16505 
012271,北海道,歌志内市,3019 
012289,北海道,深川市,20085 
012297,北海道,富良野市,21071 
012301,北海道,登別市,46833 
012319,北海道,恵庭市,70097 
012335,北海道,伊達市,33406 
012343,北海道,北広島市,58130 
012351,北海道,石狩市,58282 
012360,北海道,北斗市,45657 
013030,北海道,石狩郡当別町,15618 
013048,北海道,石狩郡新篠津村,2979 
013315,北海道,松前郡松前町,6753 
013323,北海道,松前郡福島町,3859 
013331,北海道,上磯郡知内町,4198 
013340,北海道,上磯郡木古内町,3956 
013374,北海道,亀田郡七飯町,28072 
013439,北海道,茅部郡鹿部町,3811 
013455,北海道,茅部郡森町,14849 
013463,北海道,二海郡八雲町,15673 
013471,北海道,山越郡長万部町,5111 
013617,北海道,檜山郡江差町,7310 
013625,北海道,檜山郡上ノ国町,4615 
013633,北海道,檜山郡厚沢部町,3701 
013641,北海道,爾志郡乙部町,3520 
013676,北海道,奥尻郡奥尻町,2498 
013706,北海道,瀬棚郡今金町,5054 
013714,北海道,久遠郡せたな町,7563 
013919,北海道,島牧郡島牧村,1410 
013927,北海道,寿都郡寿都町,2887 
013935,北海道,寿都郡黒松内町,2735 
013943,北海道,磯谷郡蘭越町,4605 
13951,北海道,虻田郡ニセコ町,4996 
013960,北海道,虻田郡真狩村,2010 
013978,北海道,虻田郡留寿都村,1911 
013986,北海道,虻田郡喜茂別町,2131 
013994,北海道,虻田郡京極町,2927 
014001,北海道,虻田郡倶知安町,15123 
014010,北海道,岩内郡共和町,5730 
014028,北海道,岩内郡岩内町,11983 
014036,北海道,古宇郡泊村,1561 
014044,北海道,古宇郡神恵内村,815 
014052,北海道,積丹郡積丹町,1922 
014061,北海道,古平郡古平町,2900 
014079,北海道,余市郡仁木町,3216 
014087,北海道,余市郡余市町,18253 
014095,北海道,余市郡赤井川村,1176 
014231,北海道,空知郡南幌町,7447 
014249,北海道,空知郡奈井江町,5235 
014257,北海道,空知郡上砂川町,2801 
014273,北海道,夕張郡由仁町,4933 
014281,北海道,夕張郡長沼町,10515 
014290,北海道,夕張郡栗山町,11474 
014303,北海道,樺戸郡月形町,3080 
014311,北海道,樺戸郡浦臼町,1749 
014320,北海道,樺戸郡新十津川町,6548 
014338,北海道,雨竜郡妹背牛町,2827 
014346,北海道,雨竜郡秩父別町,2365 
014362,北海道,雨竜郡雨竜町,2258 
014371,北海道,雨竜郡北竜町,1756 
014389,北海道,雨竜郡沼田町,2975 
014524,北海道,上川郡鷹栖町,6771 
014532,北海道,上川郡東神楽町,10154 
014541,北海道,上川郡当麻町,6372 
014559,北海道,上川郡比布町,3616 
014567,北海道,上川郡愛別町,2681 
014575,北海道,上川郡上川町,3398 
014583,北海道,上川郡東川町,8437 
014591,北海道,上川郡美瑛町,9775 
014605,北海道,空知郡上富良野町,10501 
014613,北海道,空知郡中富良野町,4849 
014621,北海道,空知郡南富良野町,2385 
014630,北海道,勇払郡占冠村,1315 
014648,北海道,上川郡和寒町,3222 
014656,北海道,上川郡剣淵町,3012 
014681,北海道,上川郡下川町,3186 
014699,北海道,中川郡美深町,4112 
014702,北海道,中川郡音威子府村,699 
014711,北海道,中川郡中川町,1440 
014729,北海道,雨竜郡幌加内町,1386 
014818,北海道,増毛郡増毛町,4116 
014826,北海道,留萌郡小平町,2996 
014834,北海道,苫前郡苫前町,2986 
014842,北海道,苫前郡羽幌町,6661 
014851,北海道,苫前郡初山別村,1125 
014869,北海道,天塩郡遠別町,2543 
014877,北海道,天塩郡天塩町,2973 
015113,北海道,宗谷郡猿払村,2722 
015121,北海道,枝幸郡浜頓別町,3488 
015130,北海道,枝幸郡中頓別町,1657 
015148,北海道,枝幸郡枝幸町,7856 
015164,北海道,天塩郡豊富町,3823 
015172,北海道,礼文郡礼文町,2416 
015181,北海道,利尻郡利尻町,1964 
015199,北海道,利尻郡利尻富士町,2388 
015202,北海道,天塩郡幌延町,2269 
015431,北海道,網走郡美幌町,18941 
015440,北海道,網走郡津別町,4484 
015458,北海道,斜里郡斜里町,11300 
015466,北海道,斜里郡清里町,3951 
015474,北海道,斜里郡小清水町,4676 
015491,北海道,常呂郡訓子府町,4810 
015504,北海道,常呂郡置戸町,2765 
015521,北海道,常呂郡佐呂間町,4955 
015555,北海道,紋別郡遠軽町,19358 
015598,北海道,紋別郡湧別町,8469 
015601,北海道,紋別郡滝上町,2479 
015610,北海道,紋別郡興部町,3755 
015628,北海道,紋別郡西興部村,1058 
015636,北海道,紋別郡雄武町,4339 
015644,北海道,網走郡大空町,6963 
015717,北海道,虻田郡豊浦町,3759 
015750,北海道,有珠郡壮瞥町,2429 
015784,北海道,白老郡白老町,16356 
015814,北海道,勇払郡厚真町,4420 
015849,北海道,虻田郡洞爺湖町,8494 
015857,北海道,勇払郡安平町,7566 
015865,北海道,勇払郡むかわ町,7734 
016012,北海道,沙流郡日高町,11647 
016021,北海道,沙流郡平取町,4785 
016047,北海道,新冠郡新冠町,5392 
016071,北海道,浦河郡浦河町,11998 
016080,北海道,様似郡様似町,4125 
016098,北海道,幌泉郡えりも町,4516 
016101,北海道,日高郡新ひだか町,21872 
016314,北海道,河東郡音更町,44045 
016322,北海道,河東郡士幌町,6027 
016331,北海道,河東郡上士幌町,4964 
016349,北海道,河東郡鹿追町,5247 
016357,北海道,上川郡新得町,5835 
016365,北海道,上川郡清水町,9305 
016373,北海道,河西郡芽室町,18326 
016381,北海道,河西郡中札内村,3922 
016390,北海道,河西郡更別村,3151 
016411,北海道,広尾郡大樹町,5451 
016420,北海道,広尾郡広尾町,6547 
016438,北海道,中川郡幕別町,26443 
016446,北海道,中川郡池田町,6440 
016454,北海道,中川郡豊頃町,3088 
016462,北海道,中川郡本別町,6733 
016471,北海道,足寄郡足寄町,6684 
016489,北海道,足寄郡陸別町,2314 
016497,北海道,十勝郡浦幌町,4544 
016616,北海道,釧路郡釧路町,19392 
016624,北海道,厚岸郡厚岸町,9064 
016632,北海道,厚岸郡浜中町,5664 
016641,北海道,川上郡標茶町,7425 
016659,北海道,川上郡弟子屈町,6937 
016675,北海道,阿寒郡鶴居村,2520 
016683,北海道,白糠郡白糠町,7539 
016918,北海道,野付郡別海町,14827 
016926,北海道,標津郡中標津町,23203 
016934,北海道,標津郡標津町,5123 
016942,北海道,目梨郡羅臼町,4766 
016951,北海道,色丹郡色丹村,0 
016969,北海道,国後郡泊村,0 
016977,北海道,国後郡留夜別村,0 
016985,北海道,択捉郡留別村,0 
016993,北海道,紗那郡紗那村,0 
017001,北海道,蘂取郡蘂取村,0 
020001,青森県,-,1260067 
022012,青森県,青森市,278446 
022021,青森県,弘前市,168479 
022039,青森県,八戸市,225845 
022047,青森県,黒石市,32530 
022055,青森県,五所川原市,53204 
022063,青森県,十和田市,60345 
022071,青森県,三沢市,39323 
022080,青森県,むつ市,55931 
022098,青森県,つがる市,31413 
022101,青森県,平川市,30708 
023001,青森県,東津軽郡,21555 
023019,青森県,東津軽郡平内町,10639 
023035,青森県,東津軽郡今別町,2495 
023043,青森県,東津軽郡蓬田村,2687 
023078,青森県,東津軽郡外ヶ浜町,5734 
023205,青森県,西津軽郡,17259 
023213,青森県,西津軽郡鰺ヶ沢町,9472 
023230,青森県,西津軽郡深浦町,7787 
023400,青森県,中津軽郡,1327 
023434,青森県,中津軽郡西目屋村,1327 
023604,青森県,南津軽郡,31693 
023612,青森県,南津軽郡藤崎町,14812 
023621,青森県,南津軽郡大鰐町,9182 
023671,青森県,南津軽郡田舎館村,7699 
023809,青森県,北津軽郡,36278 
023817,青森県,北津軽郡板柳町,13211 
023841,青森県,北津軽郡鶴田町,12499 
023876,青森県,北津軽郡中泊町,10568 
024007,青森県,上北郡,95934 
024015,青森県,上北郡野辺地町,12894 
024023,青森県,上北郡七戸町,15143 
024058,青森県,上北郡六戸町,10948 
024066,青森県,上北郡横浜町,4376 
024082,青森県,上北郡東北町,17154 
024112,青森県,上北郡六ヶ所村,10131 
024121,青森県,上北郡おいらせ町,25288 
024201,青森県,下北郡,14986 
024236,青森県,下北郡大間町,5125 
024244,青森県,下北郡東通村,6153 
024252,青森県,下北郡風間浦村,1796 
024261,青森県,下北郡佐井村,1912 
024406,青森県,三戸郡,64811 
024414,青森県,三戸郡三戸町,9690 
024422,青森県,三戸郡五戸町,16679 
024431,青森県,三戸郡田子町,5282 
024457,青森県,三戸郡南部町,17569 
024465,青森県,三戸郡階上町,13232 
024503,青森県,三戸郡新郷村,2359 
030007,岩手県,-,1221205 
032018,岩手県,盛岡市,286820 
032026,岩手県,宮古市,50562 
032034,岩手県,大船渡市,35107 
032051,岩手県,花巻市,94438 
032069,岩手県,北上市,92370 
032077,岩手県,久慈市,34094 
032085,岩手県,遠野市,26013 
032093,岩手県,一関市,113604 
032107,岩手県,陸前高田市,18637 
032115,岩手県,釜石市,32176 
032131,岩手県,二戸市,26138 
032140,岩手県,八幡平市,24788 
032158,岩手県,奥州市,114644 
032166,岩手県,滝沢市,55605 
033006,岩手県,岩手郡,34813 
033014,岩手県,岩手郡雫石町,16113 
033022,岩手県,岩手郡葛巻町,5874 
033031,岩手県,岩手郡岩手町,12826 
033201,岩手県,紫波郡,60311 
033219,岩手県,紫波郡紫波町,33178 
033227,岩手県,紫波郡矢巾町,27133 
033600,岩手県,和賀郡,5364 
033669,岩手県,和賀郡西和賀町,5364 
033804,岩手県,胆沢郡,15561 
033812,岩手県,胆沢郡金ケ崎町,15561 
034002,岩手県,西磐井郡,7330 
034029,岩手県,西磐井郡平泉町,7330 
034401,岩手県,気仙郡,5225 
034410,岩手県,気仙郡住田町,5225 
034606,岩手県,上閉伊郡,11417 
034614,岩手県,上閉伊郡大槌町,11417 
034801,岩手県,下閉伊郡,29706 
034827,岩手県,下閉伊郡山田町,15073 
034835,岩手県,下閉伊郡岩泉町,8870 
034843,岩手県,下閉伊郡田野畑村,3193 
034851,岩手県,下閉伊郡普代村,2570 
035009,岩手県,九戸郡,34583 
035017,岩手県,九戸郡軽米町,8773 
035033,岩手県,九戸郡野田村,4170 
035068,岩手県,九戸郡九戸村,5608 
035076,岩手県,九戸郡洋野町,16032 
035203,岩手県,二戸郡,11899 
035246,岩手県,二戸郡一戸町,11899 
040002,宮城県,-,2282106 
041009,宮城県,仙台市,1065932 
041017,宮城県,仙台市青葉区,293003 
041025,宮城県,仙台市宮城野区,190567 
041033,宮城県,仙台市若林区,137281 
041041,宮城県,仙台市太白区,232642 
041050,宮城県,仙台市泉区,212439 
042021,宮城県,石巻市,140824 
042030,宮城県,塩竈市,53474 
042056,宮城県,気仙沼市,61445 
042064,宮城県,白石市,33082 
042072,宮城県,名取市,79655 
042081,宮城県,角田市,28212 
042099,宮城県,多賀城市,62311 
042111,宮城県,岩沼市,43917 
042129,宮城県,登米市,77392 
042137,宮城県,栗原市,65811 
042145,宮城県,東松島市,39588 
042153,宮城県,大崎市,128297 
042161,宮城県,富谷市,52431 
043001,宮城県,刈田郡,13027 
043010,宮城県,刈田郡蔵王町,11706 
043028,宮城県,刈田郡七ヶ宿町,1321 
043206,宮城県,柴田郡,80364 
043214,宮城県,柴田郡大河原町,23567 
043222,宮城県,柴田郡村田町,10606 
043231,宮城県,柴田郡柴田町,37598 
043249,宮城県,柴田郡川崎町,8593 
043401,宮城県,伊具郡,12904 
043419,宮城県,伊具郡丸森町,12904 
043605,宮城県,亘理郡,45526 
043613,宮城県,亘理郡亘理町,33445 
043621,宮城県,亘理郡山元町,12081 
044008,宮城県,宮城郡,68150 
044016,宮城県,宮城郡松島町,13678 
044041,宮城県,宮城郡七ヶ浜町,18445 
044067,宮城県,宮城郡利府町,36027 
044202,宮城県,黒川郡,42129 
044211,宮城県,黒川郡大和町,28327 
044229,宮城県,黒川郡大郷町,7932 
044245,宮城県,黒川郡大衡村,5870 
044407,宮城県,加美郡,29216 
044440,宮城県,加美郡色麻町,6648 
044458,宮城県,加美郡加美町,22568 
045004,宮城県,遠田郡,39761 
045012,宮城県,遠田郡涌谷町,15548 
045055,宮城県,遠田郡美里町,24213 
045802,宮城県,牡鹿郡,6232 
045811,宮城県,牡鹿郡女川町,6232 
046001,宮城県,本吉郡,12426 
046060,宮城県,本吉郡南三陸町,12426 
050008,秋田県,-,971604 
052019,秋田県,秋田市,305390 
052027,秋田県,能代市,51409 
052035,秋田県,横手市,87452 
052043,秋田県,大館市,70423 
052060,秋田県,男鹿市,26246 
052078,秋田県,湯沢市,43383 
052094,秋田県,鹿角市,29858 
052108,秋田県,由利本荘市,75040 
052116,秋田県,潟上市,32287 
052124,秋田県,大仙市,79241 
052132,秋田県,北秋田市,30864 
052141,秋田県,にかほ市,23841 
052159,秋田県,仙北市,25310 
053007,秋田県,鹿角郡,4879 
053031,秋田県,鹿角郡小坂町,4879 
053201,秋田県,北秋田郡,2192 
053279,秋田県,北秋田郡上小阿仁村,2192 
053406,秋田県,山本郡,25763 
053465,秋田県,山本郡藤里町,3083 
053481,秋田県,山本郡三種町,15814 
053490,秋田県,山本郡八峰町,6866 
053601,秋田県,南秋田郡,22145 
053619,秋田県,南秋田郡五城目町,8799 
053635,秋田県,南秋田郡八郎潟町,5617 
053660,秋田県,南秋田郡井川町,4587 
053686,秋田県,南秋田郡大潟村,3142 
054208,秋田県,仙北郡,19018 
054348,秋田県,仙北郡美郷町,19018 
054607,秋田県,雄勝郡,16863 
054631,秋田県,雄勝郡羽後町,14344 
054640,秋田県,雄勝郡東成瀬村,2519 
060003,山形県,-,1070017 
062014,山形県,山形市,243684 
062022,山形県,米沢市,78965 
062031,山形県,鶴岡市,124003 
062049,山形県,酒田市,100172 
062057,山形県,新庄市,34787 
062065,山形県,寒河江市,40719 
062073,山形県,上山市,29564 
062081,山形県,村山市,23191 
062090,山形県,長井市,26159 
062103,山形県,天童市,61908 
062111,山形県,東根市,47808 
062120,山形県,尾花沢市,15350 
062138,山形県,南陽市,30740 
063002,山形県,東村山郡,25046 
063011,山形県,東村山郡山辺町,14029 
063029,山形県,東村山郡中山町,11017 
063207,山形県,西村山郡,37449 
063215,山形県,西村山郡河北町,17998 
063223,山形県,西村山郡西川町,5080 
063231,山形県,西村山郡朝日町,6556 
063240,山形県,西村山郡大江町,7815 
063401,山形県,北村山郡,6716 
063410,山形県,北村山郡大石田町,6716 
063606,山形県,最上郡,37458 
063614,山形県,最上郡金山町,5264 
063622,山形県,最上郡最上町,8279 
063631,山形県,最上郡舟形町,5136 
063649,山形県,最上郡真室川町,7310 
063657,山形県,最上郡大蔵村,3107 
063665,山形県,最上郡鮭川村,4039 
063673,山形県,最上郡戸沢村,4323 
063801,山形県,東置賜郡,37541 
063819,山形県,東置賜郡高畠町,22834 
063827,山形県,東置賜郡川西町,14707 
064009,山形県,西置賜郡,27328 
064017,山形県,西置賜郡小国町,7248 
064025,山形県,西置賜郡白鷹町,13256 
064033,山形県,西置賜郡飯豊町,6824 
064203,山形県,東田川郡,28033 
064262,山形県,東田川郡三川町,7377 
064289,山形県,東田川郡庄内町,20656 
064602,山形県,飽海郡,13396 
064611,山形県,飽海郡遊佐町,13396 
070009,福島県,-,1862777 
072010,福島県,福島市,275646 
072028,福島県,会津若松市,117027 
072036,福島県,郡山市,321394 
072044,福島県,いわき市,318490 
072052,福島県,白河市,60110 
072079,福島県,須賀川市,75892 
072087,福島県,喜多方市,46602 
072095,福島県,相馬市,34274 
072109,福島県,二本松市,53654 
072117,福島県,田村市,35653 
072125,福島県,南相馬市,59018 
072133,福島県,伊達市,59213 
072141,福島県,本宮市,30147 
073008,福島県,伊達郡,33016 
073016,福島県,伊達郡桑折町,11568 
073032,福島県,伊達郡国見町,8816 
073083,福島県,伊達郡川俣町,12632 
073202,福島県,安達郡,8772 
073229,福島県,安達郡大玉村,8772 
073407,福島県,岩瀬郡,18184 
073423,福島県,岩瀬郡鏡石町,12669 
073440,福島県,岩瀬郡天栄村,5515 
073601,福島県,南会津郡,25075 
073628,福島県,南会津郡下郷町,5427 
073644,福島県,南会津郡檜枝岐村,522 
073679,福島県,南会津郡只見町,4178 
073687,福島県,南会津郡南会津町,14948 
074004,福島県,耶麻郡,25759 
074021,福島県,耶麻郡北塩原村,2666 
074055,福島県,耶麻郡西会津町,6022 
074071,福島県,耶麻郡磐梯町,3407 
074080,福島県,耶麻郡猪苗代町,13664 
074209,福島県,河沼郡,21831 
074217,福島県,河沼郡会津坂下町,15424 
074225,福島県,河沼郡湯川村,3202 
074233,福島県,河沼郡柳津町,3205 
074403,福島県,大沼郡,24444 
074446,福島県,大沼郡三島町,1528 
074454,福島県,大沼郡金山町,1925 
074462,福島県,大沼郡昭和村,1218 
074471,福島県,大沼郡会津美里町,19773 
074608,福島県,西白河郡,48823 
074616,福島県,西白河郡西郷村,20254 
074641,福島県,西白河郡泉崎村,6358 
074659,福島県,西白河郡中島村,4990 
074667,福島県,西白河郡矢吹町,17221 
074802,福島県,東白川郡,31036 
074811,福島県,東白川郡棚倉町,13751 
074829,福島県,東白川郡矢祭町,5599 
074837,福島県,東白川郡塙町,8462 
074845,福島県,東白川郡鮫川村,3224 
075001,福島県,石川郡,38465 
075019,福島県,石川郡石川町,14744 
075027,福島県,石川郡玉川村,6546 
075035,福島県,石川郡平田村,5900 
075043,福島県,石川郡浅川町,6248 
075051,福島県,石川郡古殿町,5027 
075205,福島県,田村郡,26632 
075213,福島県,田村郡三春町,16816 
075221,福島県,田村郡小野町,9816 
075400,福島県,双葉郡,60513 
075418,福島県,双葉郡広野町,4704 
075426,福島県,双葉郡楢葉町,6767 
075434,福島県,双葉郡富岡町,12374 
075442,福島県,双葉郡川内村,2523 
075451,福島県,双葉郡大熊町,10265 
075469,福島県,双葉郡双葉町,5789 
075477,福島県,双葉郡浪江町,16718 
075485,福島県,双葉郡葛尾村,1373 
075604,福島県,相馬郡,13107 
075612,福島県,相馬郡新地町,7861 
075647,福島県,相馬郡飯舘村,5246 
080004,茨城県,-,2907678 
082015,茨城県,水戸市,271380 
082023,茨城県,日立市,175366 
082031,茨城県,土浦市,141371 
082040,茨城県,古河市,142260 
082058,茨城県,石岡市,73649 
082074,茨城県,結城市,51266 
082082,茨城県,龍ケ崎市,76590 
082104,茨城県,下妻市,43095 
082112,茨城県,常総市,62570 
082121,茨城県,常陸太田市,50278 
082147,茨城県,高萩市,27866 
082155,茨城県,北茨城市,42651 
082163,茨城県,笠間市,74984 
082171,茨城県,取手市,107236 
082198,茨城県,牛久市,84868 
082201,茨城県,つくば市,241809 
082210,茨城県,ひたちなか市,158015 
082228,茨城県,鹿嶋市,67416 
082236,茨城県,潮来市,27613 
082244,茨城県,守谷市,69392 
082252,茨城県,常陸大宮市,40590 
082261,茨城県,那珂市,54440 
082279,茨城県,筑西市,103243 
082287,茨城県,坂東市,53550 
082295,茨城県,稲敷市,39806 
082309,茨城県,かすみがうら市,41200 
082317,茨城県,桜川市,40606 
082325,茨城県,神栖市,95537 
082333,茨城県,行方市,33775 
082341,茨城県,鉾田市,48160 
082350,茨城県,つくばみらい市,52110 
082368,茨城県,小美玉市,50250 
083003,茨城県,東茨城郡,67432 
083020,茨城県,東茨城郡茨城町,32022 
083097,茨城県,東茨城郡大洗町,16464 
083101,茨城県,東茨城郡城里町,18946 
083402,茨城県,那珂郡,38376 
083411,茨城県,那珂郡東海村,38376 
083607,茨城県,久慈郡,16251 
083640,茨城県,久慈郡大子町,16251 
084409,茨城県,稲敷郡,71620 
084425,茨城県,稲敷郡美浦村,14972 
084433,茨城県,稲敷郡阿見町,48070 
084476,茨城県,稲敷郡河内町,8578 
085201,茨城県,結城郡,21736 
085219,茨城県,結城郡八千代町,21736 
085405,茨城県,猿島郡,33459 
085421,茨城県,猿島郡五霞町,8385 
085464,茨城県,猿島郡境町,25074 
085600,茨城県,北相馬郡,15862 
085642,茨城県,北相馬郡利根町,15862 
090000,栃木県,-,1955402 
092011,栃木県,宇都宮市,521104 
092029,栃木県,足利市,146016 
092037,栃木県,栃木市,158397 
092045,栃木県,佐野市,117358 
092053,栃木県,鹿沼市,96340 
092061,栃木県,日光市,80168 
092088,栃木県,小山市,167888 
092096,栃木県,真岡市,79871 
092100,栃木県,大田原市,70482 
092118,栃木県,矢板市,31719 
092134,栃木県,那須塩原市,117143 
092142,栃木県,さくら市,44329 
092151,栃木県,那須烏山市,25567 
092169,栃木県,下野市,60163 
093009,栃木県,河内郡,31285 
093017,栃木県,河内郡上三川町,31285 
093408,栃木県,芳賀郡,62297 
093424,栃木県,芳賀郡益子町,22530 
093432,栃木県,芳賀郡茂木町,12472 
093441,栃木県,芳賀郡市貝町,11683 
093459,栃木県,芳賀郡芳賀町,15612 
093602,栃木県,下都賀郡,64593 
093611,栃木県,下都賀郡壬生町,39096 
093645,栃木県,下都賀郡野木町,25497 
093807,栃木県,塩谷郡,40228 
093840,栃木県,塩谷郡塩谷町,10804 
093866,栃木県,塩谷郡高根沢町,29424 
094005,栃木県,那須郡,40454 
094072,栃木県,那須郡那須町,24756 
094111,栃木県,那須郡那珂川町,15698 
100005,群馬県,-,1958185 
102016,群馬県,前橋市,335055 
102024,群馬県,高崎市,372189 
102032,群馬県,桐生市,108330 
102041,群馬県,伊勢崎市,213274 
102059,群馬県,太田市,224217 
102067,群馬県,沼田市,46673 
102075,群馬県,館林市,75373 
102083,群馬県,渋川市,75847 
102091,群馬県,藤岡市,64355 
102105,群馬県,富岡市,47756 
102113,群馬県,安中市,56706 
102121,群馬県,みどり市,50186 
103403,群馬県,北群馬郡,36396 
103446,群馬県,北群馬郡榛東村,14588 
103454,群馬県,北群馬郡吉岡町,21808 
103608,群馬県,多野郡,2871 
103667,群馬県,多野郡上野村,1136 
103675,群馬県,多野郡神流町,1735 
103802,群馬県,甘楽郡,21667 
103829,群馬県,甘楽郡下仁田町,7007 
103837,群馬県,甘楽郡南牧村,1717 
103845,群馬県,甘楽郡甘楽町,12943 
104205,群馬県,吾妻郡,53509 
104213,群馬県,吾妻郡中之条町,15553 
104248,群馬県,吾妻郡長野原町,5425 
104256,群馬県,吾妻郡嬬恋村,9418 
104264,群馬県,吾妻郡草津町,6232 
104281,群馬県,吾妻郡高山村,3619 
104299,群馬県,吾妻郡東吾妻町,13262 
104400,群馬県,利根郡,32964 
104434,群馬県,利根郡片品村,4277 
104442,群馬県,利根郡川場村,3219 
104485,群馬県,利根郡昭和村,7186 
104493,群馬県,利根郡みなかみ町,18282 
104604,群馬県,佐波郡,36298 
104647,群馬県,佐波郡玉村町,36298 
105201,群馬県,邑楽郡,104519 
105210,群馬県,邑楽郡板倉町,14322 
105228,群馬県,邑楽郡明和町,11088 
105236,群馬県,邑楽郡千代田町,11205 
105244,群馬県,邑楽郡大泉町,41718 
105252,群馬県,邑楽郡邑楽町,26186 
110001,埼玉県,-,7393849 
111007,埼玉県,さいたま市,1324589 
111015,埼玉県,さいたま市西区,93412 
111023,埼玉県,さいたま市北区,149045 
111031,埼玉県,さいたま市大宮区,119322 
111040,埼玉県,さいたま市見沼区,163885 
111058,埼玉県,さいたま市中央区,102384 
111066,埼玉県,さいたま市桜区,95859 
111074,埼玉県,さいたま市浦和区,166257 
111082,埼玉県,さいたま市南区,192083 
111091,埼玉県,さいたま市緑区,129440 
111104,埼玉県,さいたま市岩槻区,112902 
112011,埼玉県,川越市,353260 
112020,埼玉県,熊谷市,195410 
112038,埼玉県,川口市,607373 
112062,埼玉県,行田市,80236 
112071,埼玉県,秩父市,61159 
112089,埼玉県,所沢市,344216 
112097,埼玉県,飯能市,79123 
112101,埼玉県,加須市,112792 
112119,埼玉県,本庄市,77900 
112127,埼玉県,東松山市,90456 
112143,埼玉県,春日部市,233391 
112151,埼玉県,狭山市,149826 
112160,埼玉県,羽生市,54304 
112178,埼玉県,鴻巣市,117995 
112186,埼玉県,深谷市,142803 
112194,埼玉県,上尾市,229517 
112216,埼玉県,草加市,250225 
112224,埼玉県,越谷市,345482 
112232,埼玉県,蕨市,75749 
112241,埼玉県,戸田市,141033 
112259,埼玉県,入間市,147162 
112275,埼玉県,朝霞市,143195 
112283,埼玉県,志木市,76457 
112291,埼玉県,和光市,84161 
112305,埼玉県,新座市,166208 
112313,埼玉県,桶川市,75202 
112321,埼玉県,久喜市,152506 
112330,埼玉県,北本市,66022 
112348,埼玉県,八潮市,92518 
112356,埼玉県,富士見市,112211 
112372,埼玉県,三郷市,142926 
112381,埼玉県,蓮田市,61540 
112399,埼玉県,坂戸市,100612 
112402,埼玉県,幸手市,50256 
112411,埼玉県,鶴ヶ島市,69937 
112429,埼玉県,日高市,55294 
112437,埼玉県,吉川市,73248 
112453,埼玉県,ふじみ野市,114557 
112461,埼玉県,白岡市,52475 
113000,埼玉県,北足立郡,44959 
113018,埼玉県,北足立郡伊奈町,44959 
113204,埼玉県,入間郡,82665 
113247,埼玉県,入間郡三芳町,38135 
113263,埼玉県,入間郡毛呂山町,33178 
113271,埼玉県,入間郡越生町,11352 
113409,埼玉県,比企郡,129055 
113417,埼玉県,比企郡滑川町,19562 
113425,埼玉県,比企郡嵐山町,17747 
113433,埼玉県,比企郡小川町,29075 
113468,埼玉県,比企郡川島町,19672 
113476,埼玉県,比企郡吉見町,18654 
113484,埼玉県,比企郡鳩山町,13446 
113492,埼玉県,比企郡ときがわ町,10899 
113603,埼玉県,秩父郡,38460 
113611,埼玉県,秩父郡横瀬町,8131 
113620,埼玉県,秩父郡皆野町,9521 
113638,埼玉県,秩父郡長瀞町,6883 
113654,埼玉県,秩父郡小鹿野町,11214 
113697,埼玉県,秩父郡東秩父村,2711 
113808,埼玉県,児玉郡,55326 
113816,埼玉県,児玉郡美里町,11113 
113832,埼玉県,児玉郡神川町,13365 
113859,埼玉県,児玉郡上里町,30848 
114006,埼玉県,大里郡,32915 
114081,埼玉県,大里郡寄居町,32915 
114405,埼玉県,南埼玉郡,33824 
114421,埼玉県,南埼玉郡宮代町,33824 
114600,埼玉県,北葛飾郡,73319 
114642,埼玉県,北葛飾郡杉戸町,44482 
114651,埼玉県,北葛飾郡松伏町,28837 
120006,千葉県,-,6322897 
121002,千葉県,千葉市,974726 
121011,千葉県,千葉市中央区,210245 
121029,千葉県,千葉市花見川区,176932 
121037,千葉県,千葉市稲毛区,158277 
121045,千葉県,千葉市若葉区,149068 
121053,千葉県,千葉市緑区,130055 
121061,千葉県,千葉市美浜区,150149 
122025,千葉県,銚子市,59109 
122033,千葉県,市川市,491764 
122041,千葉県,船橋市,644966 
122050,千葉県,館山市,45767 
122068,千葉県,木更津市,136034 
122076,千葉県,松戸市,498457 
122084,千葉県,野田市,154140 
122106,千葉県,茂原市,88280 
122114,千葉県,成田市,131833 
122122,千葉県,佐倉市,173619 
122131,千葉県,東金市,57743 
122157,千葉県,旭市,64689 
122165,千葉県,習志野市,175197 
122173,千葉県,柏市,428587 
122181,千葉県,勝浦市,16817 
122190,千葉県,市原市,273771 
122203,千葉県,流山市,200309 
122211,千葉県,八千代市,202176 
122220,千葉県,我孫子市,131644 
122238,千葉県,鴨川市,32290 
122246,千葉県,鎌ケ谷市,109943 
122254,千葉県,君津市,83005 
122262,千葉県,富津市,43436 
122271,千葉県,浦安市,169918 
122289,千葉県,四街道市,95366 
122297,千葉県,袖ケ浦市,64940 
122301,千葉県,八街市,68888 
122319,千葉県,印西市,105772 
122327,千葉県,白井市,63162 
122335,千葉県,富里市,50077 
122343,千葉県,南房総市,37024 
122351,千葉県,匝瑳市,35542 
122360,千葉県,香取市,74330 
122378,千葉県,山武市,50336 
122386,千葉県,いすみ市,37143 
122394,千葉県,大網白里市,48960 
123200,千葉県,印旛郡,40952 
123226,千葉県,印旛郡酒々井町,20659 
123293,千葉県,印旛郡栄町,20293 
123404,千葉県,香取郡,33911 
123421,千葉県,香取郡神崎町,5889 
123471,千葉県,香取郡多古町,14387 
123498,千葉県,香取郡東庄町,13635 
124001,千葉県,山武郡,45820 
124036,千葉県,山武郡九十九里町,15336 
124095,千葉県,山武郡芝山町,7116 
124109,千葉県,山武郡横芝光町,23368 
124206,千葉県,長生郡,58988 
124214,千葉県,長生郡一宮町,12494 
124222,千葉県,長生郡睦沢町,6929 
124231,千葉県,長生郡長生村,14028 
124249,千葉県,長生郡白子町,11040 
124265,千葉県,長生郡長柄町,6754 
124273,千葉県,長生郡長南町,7743 
124401,千葉県,夷隅郡,16057 
124419,千葉県,夷隅郡大多喜町,8745 
124435,千葉県,夷隅郡御宿町,7312 
124605,千葉県,安房郡,7409 
124630,千葉県,安房郡鋸南町,7409 
130001,東京都,-,13843525 
131016,東京都,千代田区,67216 
131024,東京都,中央区,170583 
131032,東京都,港区,259036 
131041,東京都,新宿区,345231 
131059,東京都,文京区,226574 
131067,東京都,台東区,203647 
131075,東京都,墨田区,275647 
131083,東京都,江東区,526301 
131091,東京都,品川区,406404 
131105,東京都,目黒区,281317 
131113,東京都,大田区,733672 
131121,東京都,世田谷区,920372 
131130,東京都,渋谷区,230506 
131148,東京都,中野区,334632 
131156,東京都,杉並区,573504 
131164,東京都,豊島区,287300 
131172,東京都,北区,353158 
131181,東京都,荒川区,216535 
131199,東京都,板橋区,570213 
131202,東京都,練馬区,740099 
131211,東京都,足立区,691002 
131229,東京都,葛飾区,463691 
131237,東京都,江戸川区,696123 
132012,東京都,八王子市,561828 
132021,東京都,立川市,184577 
132039,東京都,武蔵野市,147643 
132047,東京都,三鷹市,190126 
132055,東京都,青梅市,132145 
132063,東京都,府中市,260255 
132071,東京都,昭島市,113552 
132080,東京都,調布市,237815 
132098,東京都,町田市,429152 
132101,東京都,小金井市,123828 
132110,東京都,小平市,195543 
132128,東京都,日野市,187027 
132136,東京都,東村山市,151575 
132144,東京都,国分寺市,126862 
132152,東京都,国立市,76371 
132187,東京都,福生市,57024 
132195,東京都,狛江市,83268 
132209,東京都,東大和市,85317 
132217,東京都,清瀬市,74905 
132225,東京都,東久留米市,117007 
132233,東京都,武蔵村山市,72023 
132241,東京都,多摩市,148479 
132250,東京都,稲城市,92262 
132276,東京都,羽村市,54725 
132284,東京都,あきる野市,80221 
132292,東京都,西東京市,206047 
133001,東京都,西多摩郡,56259 
133035,東京都,西多摩郡瑞穂町,32568 
133051,東京都,西多摩郡日の出町,16588 
133078,東京都,西多摩郡檜原村,2112 
133086,東京都,西多摩郡奥多摩町,4991 
133604,東京都,島しょ,24926 
133612,東京都,大島町,7411 
133621,東京都,利島村,310 
133639,東京都,新島村,2633 
133647,東京都,神津島村,1887 
133817,東京都,三宅村,2383 
133825,東京都,御蔵島村,307 
134015,東京都,八丈町,7224 
134023,東京都,青ヶ島村,165 
134210,東京都,小笠原村,2606 
140007,神奈川県,-,9220245 
141003,神奈川県,横浜市,3759939 
141011,神奈川県,横浜市鶴見区,295603 
141020,神奈川県,横浜市神奈川区,241139 
141038,神奈川県,横浜市西区,103530 
141046,神奈川県,横浜市中区,153309 
141054,神奈川県,横浜市南区,199384 
141062,神奈川県,横浜市保土ケ谷区,205071 
141071,神奈川県,横浜市磯子区,167759 
141089,神奈川県,横浜市金沢区,197402 
141097,神奈川県,横浜市港北区,350985 
141101,神奈川県,横浜市戸塚区,282521 
141119,神奈川県,横浜市港南区,214841 
141127,神奈川県,横浜市旭区,246248 
141135,神奈川県,横浜市緑区,182279 
141143,神奈川県,横浜市瀬谷区,123015 
141151,神奈川県,横浜市栄区,120386 
141160,神奈川県,横浜市泉区,152959 
141178,神奈川県,横浜市青葉区,310085 
141186,神奈川県,横浜市都筑区,213423 
141305,神奈川県,川崎市,1521562 
141313,神奈川県,川崎市川崎区,234569 
141321,神奈川県,川崎市幸区,171872 
141330,神奈川県,川崎市中原区,259718 
141348,神奈川県,川崎市高津区,230598 
141356,神奈川県,川崎市多摩区,212806 
141364,神奈川県,川崎市宮前区,233405 
141372,神奈川県,川崎市麻生区,178594 
141500,神奈川県,相模原市,718601 
141518,神奈川県,相模原市緑区,169252 
141526,神奈川県,相模原市中央区,271961 
141534,神奈川県,相模原市南区,277388 
142018,神奈川県,横須賀市,396992 
142034,神奈川県,平塚市,256652 
142042,神奈川県,鎌倉市,177053 
142051,神奈川県,藤沢市,439416 
142069,神奈川県,小田原市,189425 
142077,神奈川県,茅ヶ崎市,244475 
142085,神奈川県,逗子市,59598 
142107,神奈川県,三浦市,42444 
142115,神奈川県,秦野市,160415 
142123,神奈川県,厚木市,223710 
142131,神奈川県,大和市,240998 
142140,神奈川県,伊勢原市,100213 
142158,神奈川県,海老名市,136134 
142166,神奈川県,座間市,131845 
142174,神奈川県,南足柄市,41650 
142182,神奈川県,綾瀬市,84886 
143006,神奈川県,三浦郡,32916 
143014,神奈川県,三浦郡葉山町,32916 
143201,神奈川県,高座郡,48933 
143219,神奈川県,高座郡寒川町,48933 
143405,神奈川県,中郡,61032 
143413,神奈川県,中郡大磯町,32711 
143421,神奈川県,中郡二宮町,28321 
143600,神奈川県,足柄上郡,65693 
143618,神奈川県,足柄上郡中井町,9262 
143626,神奈川県,足柄上郡大井町,17317 
143634,神奈川県,足柄上郡松田町,10931 
143642,神奈川県,足柄上郡山北町,9960 
143669,神奈川県,足柄上郡開成町,18223 
143804,神奈川県,足柄下郡,42803 
143821,神奈川県,足柄下郡箱根町,11195 
143839,神奈川県,足柄下郡真鶴町,7115 
143847,神奈川県,足柄下郡湯河原町,24493 
144002,神奈川県,愛甲郡,42860 
144011,神奈川県,愛甲郡愛川町,39977 
144029,神奈川県,愛甲郡清川村,2883 
150002,新潟県,-,2213353 
151009,新潟県,新潟市,784774 
151017,新潟県,新潟市北区,73238 
151025,新潟県,新潟市東区,135805 
151033,新潟県,新潟市中央区,174507 
151041,新潟県,新潟市江南区,68537 
151050,新潟県,新潟市秋葉区,76568 
151068,新潟県,新潟市南区,44134 
151076,新潟県,新潟市西区,156213 
151084,新潟県,新潟市西蒲区,55772 
152021,新潟県,長岡市,266344 
152048,新潟県,三条市,95811 
152056,新潟県,柏崎市,81755 
152064,新潟県,新発田市,96236 
152081,新潟県,小千谷市,34565 
152099,新潟県,加茂市,26137 
152102,新潟県,十日町市,51125 
152111,新潟県,見附市,39908 
152129,新潟県,村上市,58238 
152137,新潟県,燕市,78717 
152161,新潟県,糸魚川市,41336 
152170,新潟県,妙高市,31278 
152188,新潟県,五泉市,48906 
152226,新潟県,上越市,189282 
152234,新潟県,阿賀野市,41372 
152242,新潟県,佐渡市,53055 
152251,新潟県,魚沼市,35164 
152269,新潟県,南魚沼市,55354 
152277,新潟県,胎内市,28495 
153001,新潟県,北蒲原郡,14173 
153079,新潟県,北蒲原郡聖籠町,14173 
153401,新潟県,西蒲原郡,7912 
153427,新潟県,西蒲原郡弥彦村,7912 
153605,新潟県,南蒲原郡,11393 
153613,新潟県,南蒲原郡田上町,11393 
153800,新潟県,東蒲原郡,10365 
153851,新潟県,東蒲原郡阿賀町,10365 
154008,新潟県,三島郡,4267 
154059,新潟県,三島郡出雲崎町,4267 
154601,新潟県,南魚沼郡,8040 
154610,新潟県,南魚沼郡湯沢町,8040 
154806,新潟県,中魚沼郡,9238 
154822,新潟県,中魚沼郡津南町,9238 
155004,新潟県,刈羽郡,4447 
155047,新潟県,刈羽郡刈羽村,4447 
155802,新潟県,岩船郡,5666 
155811,新潟県,岩船郡関川村,5322 
155861,新潟県,岩船郡粟島浦村,344 
160008,富山県,-,1047713 
162019,富山県,富山市,414102 
162027,富山県,高岡市,168956 
162043,富山県,魚津市,41224 
162051,富山県,氷見市,45867 
162060,富山県,滑川市,33102 
162078,富山県,黒部市,40808 
162086,富山県,砺波市,48088 
162094,富山県,小矢部市,29459 
162108,富山県,南砺市,49492 
162116,富山県,射水市,92329 
163201,富山県,中新川郡,48668 
163210,富山県,中新川郡舟橋村,3212 
163228,富山県,中新川郡上市町,19959 
163236,富山県,中新川郡立山町,25497 
163406,富山県,下新川郡,35618 
163422,富山県,下新川郡入善町,24075 
163431,富山県,下新川郡朝日町,11543 
170003,石川県,-,1132656 
172014,石川県,金沢市,451018 
172022,石川県,七尾市,51178 
172031,石川県,小松市,107722 
172049,石川県,輪島市,25638 
172057,石川県,珠洲市,13700 
172065,石川県,加賀市,65307 
172073,石川県,羽咋市,20940 
172090,石川県,かほく市,35668 
172103,石川県,白山市,113496 
172111,石川県,能美市,49905 
172120,石川県,野々市市,53563 
173207,石川県,能美郡,6167 
173240,石川県,能美郡川北町,6167 
173606,石川県,河北郡,63992 
173614,石川県,河北郡津幡町,37551 
173657,石川県,河北郡内灘町,26441 
173801,石川県,羽咋郡,32342 
173843,石川県,羽咋郡志賀町,19552 
173860,石川県,羽咋郡宝達志水町,12790 
174009,石川県,鹿島郡,17619 
174076,石川県,鹿島郡中能登町,17619 
174602,石川県,鳳珠郡,24401 
174611,石川県,鳳珠郡穴水町,7885 
174637,石川県,鳳珠郡能登町,16516 
180009,福井県,-,774596 
182010,福井県,福井市,261619 
182028,福井県,敦賀市,64970 
182044,福井県,小浜市,28934 
182052,福井県,大野市,32329 
182061,福井県,勝山市,22581 
182079,福井県,鯖江市,69334 
182087,福井県,あわら市,27618 
182095,福井県,越前市,82293 
182109,福井県,坂井市,90815 
183202,福井県,吉田郡,18329 
183229,福井県,吉田郡永平寺町,18329 
183806,福井県,今立郡,2457 
183822,福井県,今立郡池田町,2457 
184004,福井県,南条郡,10258 
184047,福井県,南条郡南越前町,10258 
184209,福井県,丹生郡,20940 
184233,福井県,丹生郡越前町,20940 
184403,福井県,三方郡,9282 
184420,福井県,三方郡美浜町,9282 
184802,福井県,大飯郡,18406 
184811,福井県,大飯郡高浜町,10233 
184837,福井県,大飯郡おおい町,8173 
185001,福井県,三方上中郡,14431 
185019,福井県,三方上中郡若狭町,14431 
190004,山梨県,-,821094 
192015,山梨県,甲府市,187048 
192023,山梨県,富士吉田市,48183 
192040,山梨県,都留市,29888 
192058,山梨県,山梨市,34244 
192066,山梨県,大月市,23183 
192074,山梨県,韮崎市,28872 
192082,山梨県,南アルプス市,71420 
192091,山梨県,北杜市,46531 
192104,山梨県,甲斐市,76038 
192112,山梨県,笛吹市,68555 
192121,山梨県,上野原市,22607 
192139,山梨県,甲州市,30770 
192147,山梨県,中央市,30978 
193402,山梨県,西八代郡,15499 
193461,山梨県,西八代郡市川三郷町,15499 
193607,山梨県,南巨摩郡,34174 
193640,山梨県,南巨摩郡早川町,1002 
193658,山梨県,南巨摩郡身延町,11054 
193666,山梨県,南巨摩郡南部町,7435 
193682,山梨県,南巨摩郡富士川町,14683 
193801,山梨県,中巨摩郡,20660 
193844,山梨県,中巨摩郡昭和町,20660 
194204,山梨県,南都留郡,51193 
194221,山梨県,南都留郡道志村,1633 
194239,山梨県,南都留郡西桂町,4193 
194247,山梨県,南都留郡忍野村,9681 
194255,山梨県,南都留郡山中湖村,5835 
194298,山梨県,南都留郡鳴沢村,3137 
194301,山梨県,南都留郡富士河口湖町,26714 
194409,山梨県,北都留郡,1251 
194425,山梨県,北都留郡小菅村,706 
194433,山梨県,北都留郡丹波山村,545 
200000,長野県,-,2072219 
202011,長野県,長野市,374038 
202029,長野県,松本市,237970 
202037,長野県,上田市,155595 
202045,長野県,岡谷市,48825 
202053,長野県,飯田市,99539 
202061,長野県,諏訪市,49193 
202070,長野県,須坂市,50340 
202088,長野県,小諸市,41988 
202096,長野県,伊那市,67084 
202100,長野県,駒ヶ根市,32418 
202118,長野県,中野市,43969 
202126,長野県,大町市,26872 
202134,長野県,飯山市,20332 
202142,長野県,茅野市,55332 
202151,長野県,塩尻市,66730 
202177,長野県,佐久市,98661 
202185,長野県,千曲市,60097 
202193,長野県,東御市,29929 
202207,長野県,安曇野市,97152 
203009,長野県,南佐久郡,24083 
203033,長野県,南佐久郡小海町,4503 
203041,長野県,南佐久郡川上村,3947 
203050,長野県,南佐久郡南牧村,3162 
203068,長野県,南佐久郡南相木村,996 
203076,長野県,南佐久郡北相木村,719 
203092,長野県,南佐久郡佐久穂町,10756 
203203,長野県,北佐久郡,43865 
203211,長野県,北佐久郡軽井沢町,20922 
203238,長野県,北佐久郡御代田町,15880 
203246,長野県,北佐久郡立科町,7063 
203408,長野県,小県郡,10220 
203491,長野県,小県郡青木村,4333 
203505,長野県,小県郡長和町,5887 
203602,長野県,諏訪郡,41987 
203611,長野県,諏訪郡下諏訪町,19559 
203629,長野県,諏訪郡富士見町,14392 
203637,長野県,諏訪郡原村,8036 
203807,長野県,上伊那郡,82833 
203823,長野県,上伊那郡辰野町,19144 
203831,長野県,上伊那郡箕輪町,24819 
203840,長野県,上伊那郡飯島町,9318 
203858,長野県,上伊那郡南箕輪村,15754 
203866,長野県,上伊那郡中川村,4818 
203882,長野県,上伊那郡宮田村,8980 
204005,長野県,下伊那郡,58789 
204021,長野県,下伊那郡松川町,12975 
204030,長野県,下伊那郡高森町,12987 
204048,長野県,下伊那郡阿南町,4398 
204072,長野県,下伊那郡阿智村,6233 
204099,長野県,下伊那郡平谷村,394 
204102,長野県,下伊那郡根羽村,873 
204111,長野県,下伊那郡下條村,3690 
204129,長野県,下伊那郡売木村,517 
204137,長野県,下伊那郡天龍村,1204 
204145,長野県,下伊那郡泰阜村,1586 
204153,長野県,下伊那郡喬木村,6247 
204161,長野県,下伊那郡豊丘村,6708 
204170,長野県,下伊那郡大鹿村,977 
204200,長野県,木曽郡,25989 
204226,長野県,木曽郡上松町,4276 
204234,長野県,木曽郡南木曽町,4013 
204251,長野県,木曽郡木祖村,2771 
204293,長野県,木曽郡王滝村,732 
204307,長野県,木曽郡大桑村,3569 
204323,長野県,木曽郡木曽町,10628 
204404,長野県,東筑摩郡,21861 
204463,長野県,東筑摩郡麻績村,2668 
204480,長野県,東筑摩郡生坂村,1724 
204501,長野県,東筑摩郡山形村,8663 
204510,長野県,東筑摩郡朝日村,4478 
204528,長野県,東筑摩郡筑北村,4328 
204803,長野県,北安曇郡,30819 
204811,長野県,北安曇郡池田町,9690 
204820,長野県,北安曇郡松川村,9705 
204854,長野県,北安曇郡白馬村,8655 
204862,長野県,北安曇郡小谷村,2769 
205206,長野県,埴科郡,14679 
205214,長野県,埴科郡坂城町,14679 
205401,長野県,上高井郡,17886 
205419,長野県,上高井郡小布施町,11029 
205435,長野県,上高井郡高山村,6857 
205605,長野県,下高井郡,20054 
205613,長野県,下高井郡山ノ内町,11958 
205621,長野県,下高井郡木島平村,4579 
205630,長野県,下高井郡野沢温泉村,3517 
205800,長野県,上水内郡,21344 
205834,長野県,上水内郡信濃町,8100 
205885,長野県,上水内郡小川村,2390 
205907,長野県,上水内郡飯綱町,10854 
206008,長野県,下水内郡,1746 
206024,長野県,下水内郡栄村,1746 
210005,岐阜県,-,2016868 
212016,岐阜県,岐阜市,407387 
212024,岐阜県,大垣市,160794 
212032,岐阜県,高山市,86683 
212041,岐阜県,多治見市,109453 
212059,岐阜県,関市,87245 
212067,岐阜県,中津川市,77320 
212075,岐阜県,美濃市,20162 
212083,岐阜県,瑞浪市,36985 
212091,岐阜県,羽島市,67595 
212105,岐阜県,恵那市,49096 
212113,岐阜県,美濃加茂市,57304 
212121,岐阜県,土岐市,57294 
212130,岐阜県,各務原市,146961 
212148,岐阜県,可児市,101557 
212156,岐阜県,山県市,26484 
212164,岐阜県,瑞穂市,55325 
212172,岐阜県,飛騨市,23467 
212181,岐阜県,本巣市,33764 
212199,岐阜県,郡上市,40573 
212202,岐阜県,下呂市,31385 
212211,岐阜県,海津市,33576 
213004,岐阜県,羽島郡,48219 
213021,岐阜県,羽島郡岐南町,26123 
213039,岐阜県,羽島郡笠松町,22096 
213403,岐阜県,養老郡,28021 
213411,岐阜県,養老郡養老町,28021 
213608,岐阜県,不破郡,33744 
213616,岐阜県,不破郡垂井町,26903 
213624,岐阜県,不破郡関ケ原町,6841 
213802,岐阜県,安八郡,43256 
213811,岐阜県,安八郡神戸町,18888 
213829,岐阜県,安八郡輪之内町,9594 
213837,岐阜県,安八郡安八町,14774 
214001,岐阜県,揖斐郡,66717 
214019,岐阜県,揖斐郡揖斐川町,20459 
214035,岐阜県,揖斐郡大野町,22695 
214043,岐阜県,揖斐郡池田町,23563 
214205,岐阜県,本巣郡,18495 
214213,岐阜県,本巣郡北方町,18495 
215007,岐阜県,加茂郡,48301 
215015,岐阜県,加茂郡坂祝町,8166 
215023,岐阜県,加茂郡富加町,5751 
215031,岐阜県,加茂郡川辺町,10110 
215040,岐阜県,加茂郡七宗町,3617 
215058,岐阜県,加茂郡八百津町,10663 
215066,岐阜県,加茂郡白川町,7816 
215074,岐阜県,加茂郡東白川村,2178 
215201,岐阜県,可児郡,18133 
215210,岐阜県,可児郡御嵩町,18133 
216003,岐阜県,大野郡,1572 
216046,岐阜県,大野郡白川村,1572 
220001,静岡県,-,3686335 
221007,静岡県,静岡市,694296 
221015,静岡県,静岡市葵区,251592 
221023,静岡県,静岡市駿河区,209507 
221031,静岡県,静岡市清水区,233197 
221309,静岡県,浜松市,799966 
221317,静岡県,浜松市中区,236837 
221325,静岡県,浜松市東区,130485 
221333,静岡県,浜松市西区,109396 
221341,静岡県,浜松市南区,102534 
221350,静岡県,浜松市北区,93281 
221368,静岡県,浜松市浜北区,100004 
221376,静岡県,浜松市天竜区,27429 
222038,静岡県,沼津市,193375 
222054,静岡県,熱海市,36036 
222062,静岡県,三島市,109051 
222071,静岡県,富士宮市,131223 
222089,静岡県,伊東市,67718 
222097,静岡県,島田市,97748 
222101,静岡県,富士市,252243 
222119,静岡県,磐田市,169274 
222127,静岡県,焼津市,138921 
222135,静岡県,掛川市,116907 
222143,静岡県,藤枝市,144096 
222151,静岡県,御殿場市,87687 
222160,静岡県,袋井市,88286 
222194,静岡県,下田市,20898 
222208,静岡県,裾野市,51085 
222216,静岡県,湖西市,59057 
222224,静岡県,伊豆市,29784 
222232,静岡県,御前崎市,31714 
222241,静岡県,菊川市,48290 
222259,静岡県,伊豆の国市,48016 
222267,静岡県,牧之原市,44775 
223000,静岡県,賀茂郡,40689 
223018,静岡県,賀茂郡東伊豆町,11817 
223026,静岡県,賀茂郡河津町,7029 
223042,静岡県,賀茂郡南伊豆町,8022 
223051,静岡県,賀茂郡松崎町,6302 
223069,静岡県,賀茂郡西伊豆町,7519 
223204,静岡県,田方郡,37540 
223255,静岡県,田方郡函南町,37540 
223409,静岡県,駿東郡,93791 
223417,静岡県,駿東郡清水町,32107 
223425,静岡県,駿東郡長泉町,43601 
223441,静岡県,駿東郡小山町,18083 
224201,静岡県,榛原郡,35890 
224243,静岡県,榛原郡吉田町,29421 
224294,静岡県,榛原郡川根本町,6469 
224600,静岡県,周智郡,17979 
224618,静岡県,周智郡森町,17979 
230006,愛知県,-,7558872 
231002,愛知県,名古屋市,2300949 
231011,愛知県,名古屋市千種区,159793 
231029,愛知県,名古屋市東区,81353 
231037,愛知県,名古屋市北区,163264 
231045,愛知県,名古屋市西区,146871 
231053,愛知県,名古屋市中村区,134305 
231061,愛知県,名古屋市中区,88934 
231070,愛知県,名古屋市昭和区,105550 
231088,愛知県,名古屋市瑞穂区,108080 
231096,愛知県,名古屋市熱田区,65236 
231100,愛知県,名古屋市中川区,219318 
231118,愛知県,名古屋市港区,144968 
231126,愛知県,名古屋市南区,135818 
231134,愛知県,名古屋市守山区,176342 
231142,愛知県,名古屋市緑区,250280 
231151,愛知県,名古屋市名東区,161943 
231169,愛知県,名古屋市天白区,158894 
232017,愛知県,豊橋市,375329 
232025,愛知県,岡崎市,386252 
232033,愛知県,一宮市,384233 
232041,愛知県,瀬戸市,129166 
232050,愛知県,半田市,119418 
232068,愛知県,春日井市,310991 
232076,愛知県,豊川市,186783 
232084,愛知県,津島市,61724 
232092,愛知県,碧南市,72822 
232106,愛知県,刈谷市,152598 
232114,愛知県,豊田市,422225 
232122,愛知県,安城市,190143 
232131,愛知県,西尾市,171423 
232149,愛知県,蒲郡市,79621 
232157,愛知県,犬山市,73398 
232165,愛知県,常滑市,59010 
232173,愛知県,江南市,100239 
232190,愛知県,小牧市,152249 
232203,愛知県,稲沢市,136237 
232211,愛知県,新城市,45245 
232220,愛知県,東海市,114672 
232238,愛知県,大府市,92986 
232246,愛知県,知多市,85302 
232254,愛知県,知立市,72322 
232262,愛知県,尾張旭市,84054 
232271,愛知県,高浜市,49088 
232289,愛知県,岩倉市,48075 
232297,愛知県,豊明市,68827 
232301,愛知県,日進市,92390 
232319,愛知県,田原市,60895 
232327,愛知県,愛西市,62648 
232335,愛知県,清須市,69422 
232343,愛知県,北名古屋市,86295 
232351,愛知県,弥富市,44300 
232360,愛知県,みよし市,61277 
232378,愛知県,あま市,89092 
232386,愛知県,長久手市,60183 
233005,愛知県,愛知郡,44014 
233021,愛知県,愛知郡東郷町,44014 
233404,愛知県,西春日井郡,15839 
233421,愛知県,西春日井郡豊山町,15839 
233609,愛知県,丹羽郡,59246 
233617,愛知県,丹羽郡大口町,24322 
233625,愛知県,丹羽郡扶桑町,34924 
234206,愛知県,海部郡,75248 
234249,愛知県,海部郡大治町,33024 
234257,愛知県,海部郡蟹江町,37433 
234273,愛知県,海部郡飛島村,4791 
234401,愛知県,知多郡,161334 
234419,愛知県,知多郡阿久比町,28597 
234427,愛知県,知多郡東浦町,50342 
234451,愛知県,知多郡南知多町,17126 
234460,愛知県,知多郡美浜町,21681 
234478,愛知県,知多郡武豊町,43588 
235008,愛知県,額田郡,42581 
235016,愛知県,額田郡幸田町,42581 
235601,愛知県,北設楽郡,8727 
235610,愛知県,北設楽郡設楽町,4618 
235628,愛知県,北設楽郡東栄町,3052 
235636,愛知県,北設楽郡豊根村,1057 
240001,三重県,-,1800756 
242012,三重県,津市,276072 
242021,三重県,四日市市,311347 
242039,三重県,伊勢市,124426 
242047,三重県,松阪市,161998 
242055,三重県,桑名市,141291 
242071,三重県,鈴鹿市,199091 
242080,三重県,名張市,77584 
242098,三重県,尾鷲市,17216 
242101,三重県,亀山市,49564 
242110,三重県,鳥羽市,18036 
242128,三重県,熊野市,16396 
242144,三重県,いなべ市,45401 
242152,三重県,志摩市,48370 
242161,三重県,伊賀市,89763 
243001,三重県,桑名郡,6195 
243035,三重県,桑名郡木曽岬町,6195 
243205,三重県,員弁郡,25942 
243248,三重県,員弁郡東員町,25942 
243400,三重県,三重郡,67860 
243418,三重県,三重郡菰野町,41643 
243434,三重県,三重郡朝日町,10984 
243442,三重県,三重郡川越町,15233 
244406,三重県,多気郡,46385 
244414,三重県,多気郡多気町,14346 
244422,三重県,多気郡明和町,23083 
244431,三重県,多気郡大台町,8956 
244601,三重県,度会郡,43480 
244619,三重県,度会郡玉城町,15378 
244708,三重県,度会郡度会町,7996 
244716,三重県,度会郡大紀町,8121 
244724,三重県,度会郡南伊勢町,11985 
245402,三重県,北牟婁郡,15273 
245437,三重県,北牟婁郡紀北町,15273 
245607,三重県,南牟婁郡,19066 
245615,三重県,南牟婁郡御浜町,8355 
245623,三重県,南牟婁郡紀宝町,10711 
250007,滋賀県,-,1418886 
252018,滋賀県,大津市,344218 
252026,滋賀県,彦根市,112546 
252034,滋賀県,長浜市,116840 
252042,滋賀県,近江八幡市,82343 
252069,滋賀県,草津市,135850 
252077,滋賀県,守山市,84511 
252085,滋賀県,栗東市,70369 
252093,滋賀県,甲賀市,90194 
252107,滋賀県,野洲市,50983 
252115,滋賀県,湖南市,55033 
252123,滋賀県,高島市,47544 
252131,滋賀県,東近江市,113642 
252140,滋賀県,米原市,38525 
253804,滋賀県,蒲生郡,33151 
253839,滋賀県,蒲生郡日野町,21303 
253847,滋賀県,蒲生郡竜王町,11848 
254207,滋賀県,愛知郡,21420 
254258,滋賀県,愛知郡愛荘町,21420 
254401,滋賀県,犬上郡,21717 
254410,滋賀県,犬上郡豊郷町,7350 
254428,滋賀県,犬上郡甲良町,6788 
254436,滋賀県,犬上郡多賀町,7579 
260002,京都府,-,2530609 
261009,京都府,京都市,1400720 
261017,京都府,京都市北区,109137 
261025,京都府,京都市上京区,75630 
261033,京都府,京都市左京区,153101 
261041,京都府,京都市中京区,105390 
261050,京都府,京都市東山区,34171 
261068,京都府,京都市下京区,76594 
261076,京都府,京都市南区,100601 
261084,京都府,京都市右京区,194215 
261092,京都府,京都市伏見区,273008 
261106,京都府,京都市山科区,130120 
261114,京都府,京都市西京区,148753 
262013,京都府,福知山市,77061 
262021,京都府,舞鶴市,80910 
262030,京都府,綾部市,32851 
262048,京都府,宇治市,184995 
262056,京都府,宮津市,17397 
262064,京都府,亀岡市,87847 
262072,京都府,城陽市,75734 
262081,京都府,向日市,57316 
262099,京都府,長岡京市,81061 
262102,京都府,八幡市,70398 
262111,京都府,京田辺市,70513 
262129,京都府,京丹後市,53674 
262137,京都府,南丹市,31074 
262145,京都府,木津川市,79038 
263001,京都府,乙訓郡,16364 
263036,京都府,乙訓郡大山崎町,16364 
263206,京都府,久世郡,15787 
263222,京都府,久世郡久御山町,15787 
263401,京都府,綴喜郡,16431 
263435,京都府,綴喜郡井手町,7300 
263443,京都府,綴喜郡宇治田原町,9131 
263605,京都府,相楽郡,44751 
263648,京都府,相楽郡笠置町,1248 
263656,京都府,相楽郡和束町,3768 
263664,京都府,相楽郡精華町,37131 
263672,京都府,相楽郡南山城村,2604 
264008,京都府,船井郡,13616 
264075,京都府,船井郡京丹波町,13616 
264601,京都府,与謝郡,23071 
264636,京都府,与謝郡伊根町,2031 
264652,京都府,与謝郡与謝野町,21040 
270008,大阪府,-,8839532 
271004,大阪府,大阪市,2739963 
271021,大阪府,大阪市都島区,105550 
271039,大阪府,大阪市福島区,78144 
271047,大阪府,大阪市此花区,65992 
271063,大阪府,大阪市西区,103118 
271071,大阪府,大阪市港区,80744 
271080,大阪府,大阪市大正区,64243 
271098,大阪府,大阪市天王寺区,79613 
271110,大阪府,大阪市浪速区,70134 
271136,大阪府,大阪市西淀川区,97769 
271144,大阪府,大阪市東淀川区,172542 
271152,大阪府,大阪市東成区,84619 
271161,大阪府,大阪市生野区,127030 
271179,大阪府,大阪市旭区,90279 
271187,大阪府,大阪市城東区,171040 
271195,大阪府,大阪市阿倍野区,111246 
271209,大阪府,大阪市住吉区,152827 
271217,大阪府,大阪市東住吉区,131843 
271225,大阪府,大阪市西成区,105586 
271233,大阪府,大阪市淀川区,180268 
271241,大阪府,大阪市鶴見区,113342 
271250,大阪府,大阪市住之江区,120405 
271268,大阪府,大阪市平野区,194688 
271276,大阪府,大阪市北区,133180 
271284,大阪府,大阪市中央区,105761 
271403,大阪府,堺市,831481 
271411,大阪府,堺市堺区,146590 
271420,大阪府,堺市中区,122144 
271438,大阪府,堺市東区,86603 
271446,大阪府,堺市西区,137635 
271454,大阪府,堺市南区,140714 
271462,大阪府,堺市北区,159482 
271471,大阪府,堺市美原区,38313 
272027,大阪府,岸和田市,192736 
272035,大阪府,豊中市,409396 
272043,大阪府,池田市,103712 
272051,大阪府,吹田市,376101 
272060,大阪府,泉大津市,74351 
272078,大阪府,高槻市,351082 
272086,大阪府,貝塚市,85120 
272094,大阪府,守口市,143536 
272108,大阪府,枚方市,399690 
272116,大阪府,茨木市,283233 
272124,大阪府,八尾市,265269 
272132,大阪府,泉佐野市,99661 
272141,大阪府,富田林市,109994 
272159,大阪府,寝屋川市,230463 
272167,大阪府,河内長野市,103332 
272175,大阪府,松原市,118721 
272183,大阪府,大東市,119452 
272191,大阪府,和泉市,185181 
272205,大阪府,箕面市,138890 
272213,大阪府,柏原市,68320 
272221,大阪府,羽曳野市,110106 
272230,大阪府,門真市,120536 
272248,大阪府,摂津市,86740 
272256,大阪府,高石市,57540 
272264,大阪府,藤井寺市,64200 
272272,大阪府,東大阪市,485928 
272281,大阪府,泉南市,61149 
272299,大阪府,四條畷市,55417 
272302,大阪府,交野市,77614 
272311,大阪府,大阪狭山市,58705 
272329,大阪府,阪南市,53102 
273007,大阪府,三島郡,31916 
273015,大阪府,三島郡島本町,31916 
273201,大阪府,豊能郡,28802 
273210,大阪府,豊能郡豊能町,19093 
273228,大阪府,豊能郡能勢町,9709 
273406,大阪府,泉北郡,16932 
273414,大阪府,泉北郡忠岡町,16932 
273601,大阪府,泉南郡,67470 
273619,大阪府,泉南郡熊取町,43407 
273627,大阪府,泉南郡田尻町,8642 
273660,大阪府,泉南郡岬町,15421 
273805,大阪府,南河内郡,33691 
273813,大阪府,南河内郡太子町,13266 
273821,大阪府,南河内郡河南町,15346 
273830,大阪府,南河内郡千早赤阪村,5079 
280003,兵庫県,-,5523627 
281000,兵庫県,神戸市,1526835 
281018,兵庫県,神戸市東灘区,213641 
281026,兵庫県,神戸市灘区,132905 
281051,兵庫県,神戸市兵庫区,109214 
281069,兵庫県,神戸市長田区,97125 
281077,兵庫県,神戸市須磨区,160361 
281085,兵庫県,神戸市垂水区,219694 
281093,兵庫県,神戸市北区,214703 
281107,兵庫県,神戸市中央区,138898 
281115,兵庫県,神戸市西区,240294 
282014,兵庫県,姫路市,534127 
282022,兵庫県,尼崎市,462820 
282031,兵庫県,明石市,304382 
282049,兵庫県,西宮市,484204 
282057,兵庫県,洲本市,42781 
282065,兵庫県,芦屋市,95616 
282073,兵庫県,伊丹市,203509 
282081,兵庫県,相生市,28804 
282090,兵庫県,豊岡市,79897 
282103,兵庫県,加古川市,263134 
282120,兵庫県,赤穂市,46693 
282138,兵庫県,西脇市,39871 
282146,兵庫県,宝塚市,233499 
282154,兵庫県,三木市,76565 
282162,兵庫県,高砂市,89762 
282171,兵庫県,川西市,156204 
282189,兵庫県,小野市,48146 
282197,兵庫県,三田市,110863 
282201,兵庫県,加西市,43482 
282219,兵庫県,丹波篠山市,40845 
282227,兵庫県,養父市,22824 
282235,兵庫県,丹波市,63235 
282243,兵庫県,南あわじ市,46447 
282251,兵庫県,朝来市,29743 
282260,兵庫県,淡路市,43131 
282278,兵庫県,宍粟市,36679 
282286,兵庫県,加東市,40265 
282294,兵庫県,たつの市,75554 
283002,兵庫県,川辺郡,30494 
283011,兵庫県,川辺郡猪名川町,30494 
283606,兵庫県,多可郡,20149 
283657,兵庫県,多可郡多可町,20149 
283801,兵庫県,加古郡,65566 
283819,兵庫県,加古郡稲美町,30854 
283827,兵庫県,加古郡播磨町,34712 
284408,兵庫県,神崎郡,41785 
284424,兵庫県,神崎郡市川町,11671 
284432,兵庫県,神崎郡福崎町,18999 
284467,兵庫県,神崎郡神河町,11115 
284602,兵庫県,揖保郡,34007 
284645,兵庫県,揖保郡太子町,34007 
284807,兵庫県,赤穂郡,14547 
284815,兵庫県,赤穂郡上郡町,14547 
285005,兵庫県,佐用郡,16294 
285013,兵庫県,佐用郡佐用町,16294 
285803,兵庫県,美方郡,30868 
285854,兵庫県,美方郡香美町,16898 
285862,兵庫県,美方郡新温泉町,13970 
290009,奈良県,-,1344952 
292010,奈良県,奈良市,354721 
292028,奈良県,大和高田市,63781 
292036,奈良県,大和郡山市,85308 
292044,奈良県,天理市,64027 
292052,奈良県,橿原市,121444 
292061,奈良県,桜井市,56340 
292079,奈良県,五條市,29364 
292087,奈良県,御所市,25067 
292095,奈良県,生駒市,118916 
292109,奈良県,香芝市,79197 
292117,奈良県,葛城市,37562 
292125,奈良県,宇陀市,29223 
293202,奈良県,山辺郡,3378 
293229,奈良県,山辺郡山添村,3378 
293407,奈良県,生駒郡,77087 
293423,奈良県,生駒郡平群町,18672 
293431,奈良県,生駒郡三郷町,22897 
293440,奈良県,生駒郡斑鳩町,28250 
293458,奈良県,生駒郡安堵町,7268 
293601,奈良県,磯城郡,47014 
293610,奈良県,磯城郡川西町,8462 
293628,奈良県,磯城郡三宅町,6775 
293636,奈良県,磯城郡田原本町,31777 
293806,奈良県,宇陀郡,2945 
293857,奈良県,宇陀郡曽爾村,1392 
293865,奈良県,宇陀郡御杖村,1553 
294004,奈良県,高市郡,12052 
294012,奈良県,高市郡高取町,6581 
294021,奈良県,高市郡明日香村,5471 
294209,奈良県,北葛城郡,98813 
294241,奈良県,北葛城郡上牧町,22168 
294250,奈良県,北葛城郡王寺町,24193 
294268,奈良県,北葛城郡広陵町,35025 
294276,奈良県,北葛城郡河合町,17427 
294403,奈良県,吉野郡,38713 
294411,奈良県,吉野郡吉野町,6639 
294420,奈良県,吉野郡大淀町,17123 
294438,奈良県,吉野郡下市町,5107 
294446,奈良県,吉野郡黒滝村,668 
294462,奈良県,吉野郡天川村,1335 
294471,奈良県,吉野郡野迫川村,355 
294497,奈良県,吉野郡十津川村,3155 
294501,奈良県,吉野郡下北山村,859 
294519,奈良県,吉野郡上北山村,479 
294527,奈良県,吉野郡川上村,1321 
294535,奈良県,吉野郡東吉野村,1672 
300004,和歌山県,-,944750 
302015,和歌山県,和歌山市,365166 
302023,和歌山県,海南市,49508 
302031,和歌山県,橋本市,61774 
302040,和歌山県,有田市,27240 
302058,和歌山県,御坊市,22757 
302066,和歌山県,田辺市,71947 
302074,和歌山県,新宮市,27843 
302082,和歌山県,紀の川市,61094 
302091,和歌山県,岩出市,53995 
303003,和歌山県,海草郡,8521 
303046,和歌山県,海草郡紀美野町,8521 
303402,和歌山県,伊都郡,23364 
303411,和歌山県,伊都郡かつらぎ町,16399 
303437,和歌山県,伊都郡九度山町,4076 
303445,和歌山県,伊都郡高野町,2889 
303607,和歌山県,有田郡,44625 
303615,和歌山県,有田郡湯浅町,11668 
303623,和歌山県,有田郡広川町,6853 
303666,和歌山県,有田郡有田川町,26104 
303801,和歌山県,日高郡,50538 
303810,和歌山県,日高郡美浜町,6949 
303828,和歌山県,日高郡日高町,7940 
303836,和歌山県,日高郡由良町,5533 
303909,和歌山県,日高郡印南町,8112 
303917,和歌山県,日高郡みなべ町,12328 
303925,和歌山県,日高郡日高川町,9676 
304000,和歌山県,西牟婁郡,40290 
304018,和歌山県,西牟婁郡白浜町,20893 
304042,和歌山県,西牟婁郡上富田町,15575 
304069,和歌山県,西牟婁郡すさみ町,3822 
304204,和歌山県,東牟婁郡,36088 
304212,和歌山県,東牟婁郡那智勝浦町,14607 
304221,和歌山県,東牟婁郡太地町,3005 
304247,和歌山県,東牟婁郡古座川町,2581 
304271,和歌山県,東牟婁郡北山村,427 
304280,和歌山県,東牟婁郡串本町,15468 
310000,鳥取県,-,556959 
312011,鳥取県,鳥取市,185890 
312029,鳥取県,米子市,147536 
312037,鳥取県,倉吉市,46255 
312045,鳥取県,境港市,33665 
313009,鳥取県,岩美郡,11278 
313025,鳥取県,岩美郡岩美町,11278 
313203,鳥取県,八頭郡,26487 
313254,鳥取県,八頭郡若桜町,3050 
313289,鳥取県,八頭郡智頭町,6726 
313297,鳥取県,八頭郡八頭町,16711 
313602,鳥取県,東伯郡,54838 
313645,鳥取県,東伯郡三朝町,6340 
313700,鳥取県,東伯郡湯梨浜町,16741 
313718,鳥取県,東伯郡琴浦町,17026 
313726,鳥取県,東伯郡北栄町,14731 
313807,鳥取県,西伯郡,40855 
313840,鳥取県,西伯郡日吉津村,3554 
313866,鳥取県,西伯郡大山町,15926 
313891,鳥取県,西伯郡南部町,10601 
313904,鳥取県,西伯郡伯耆町,10774 
314005,鳥取県,日野郡,10155 
314013,鳥取県,日野郡日南町,4390 
314021,鳥取県,日野郡日野町,2990 
314030,鳥取県,日野郡江府町,2775 
320005,島根県,-,672979 
322016,島根県,松江市,200772 
322024,島根県,浜田市,52605 
322032,島根県,出雲市,174684 
322041,島根県,益田市,45635 
322059,島根県,大田市,33800 
322067,島根県,安来市,37740 
322075,島根県,江津市,23005 
322091,島根県,雲南市,37102 
323403,島根県,仁多郡,12176 
323438,島根県,仁多郡奥出雲町,12176 
323802,島根県,飯石郡,4725 
323861,島根県,飯石郡飯南町,4725 
324400,島根県,邑智郡,18062 
324418,島根県,邑智郡川本町,3203 
324485,島根県,邑智郡美郷町,4499 
324493,島根県,邑智郡邑南町,10360 
325007,島根県,鹿足郡,13203 
325015,島根県,鹿足郡津和野町,7064 
325058,島根県,鹿足郡吉賀町,6139 
325201,島根県,隠岐郡,19470 
325252,島根県,隠岐郡海士町,2214 
325261,島根県,隠岐郡西ノ島町,2745 
325279,島根県,隠岐郡知夫村,645 
325287,島根県,隠岐郡隠岐の島町,13866 
330001,岡山県,-,1893874 
331007,岡山県,岡山市,708155 
331015,岡山県,岡山市北区,296383 
331023,岡山県,岡山市中区,148027 
331031,岡山県,岡山市東区,94548 
331040,岡山県,岡山市南区,169197 
332020,岡山県,倉敷市,481537 
332038,岡山県,津山市,99821 
332046,岡山県,玉野市,57921 
332054,岡山県,笠岡市,47160 
332071,岡山県,井原市,39284 
332089,岡山県,総社市,69602 
332097,岡山県,高梁市,29305 
332101,岡山県,新見市,28396 
332119,岡山県,備前市,33527 
332127,岡山県,瀬戸内市,37049 
332135,岡山県,赤磐市,43925 
332143,岡山県,真庭市,44245 
332151,岡山県,美作市,26924 
332160,岡山県,浅口市,33965 
333409,岡山県,和気郡,13867 
333468,岡山県,和気郡和気町,13867 
334201,岡山県,都窪郡,12721 
334235,岡山県,都窪郡早島町,12721 
334405,岡山県,浅口郡,11149 
334456,岡山県,浅口郡里庄町,11149 
334600,岡山県,小田郡,13936 
334618,岡山県,小田郡矢掛町,13936 
335801,岡山県,真庭郡,912 
335860,岡山県,真庭郡新庄村,912 
336009,岡山県,苫田郡,12739 
336068,岡山県,苫田郡鏡野町,12739 
336203,岡山県,勝田郡,16936 
336220,岡山県,勝田郡勝央町,11108 
336238,岡山県,勝田郡奈義町,5828 
336408,岡山県,英田郡,1419 
336432,岡山県,英田郡西粟倉村,1419 
336602,岡山県,久米郡,18453 
336637,岡山県,久米郡久米南町,4689 
336661,岡山県,久米郡美咲町,13764 
336807,岡山県,加賀郡,10926 
336815,岡山県,加賀郡吉備中央町,10926 
340006,広島県,-,2812477 
341002,広島県,広島市,1194817 
341011,広島県,広島市中区,136012 
341029,広島県,広島市東区,120083 
341037,広島県,広島市南区,142546 
341045,広島県,広島市西区,189120 
341053,広島県,広島市安佐南区,244923 
341061,広島県,広島市安佐北区,142518 
341070,広島県,広島市安芸区,78967 
341088,広島県,広島市佐伯区,140648 
342025,広島県,呉市,217690 
342033,広島県,竹原市,24543 
342041,広島県,三原市,92009 
342050,広島県,尾道市,134320 
342076,広島県,福山市,466863 
342084,広島県,府中市,38204 
342092,広島県,三次市,51234 
342106,広島県,庄原市,34208 
342114,広島県,大竹市,26616 
342122,広島県,東広島市,189369 
342131,広島県,廿日市市,117045 
342149,広島県,安芸高田市,28044 
342157,広島県,江田島市,22356 
343005,広島県,安芸郡,119133 
343021,広島県,安芸郡府中町,52101 
343048,広島県,安芸郡海田町,30343 
343072,広島県,安芸郡熊野町,23711 
343099,広島県,安芸郡坂町,12978 
343609,広島県,山県郡,24278 
343684,広島県,山県郡安芸太田町,6034 
343692,広島県,山県郡北広島町,18244 
344206,広島県,豊田郡,7332 
344311,広島県,豊田郡大崎上島町,7332 
344605,広島県,世羅郡,15725 
344621,広島県,世羅郡世羅町,15725 
345407,広島県,神石郡,8691 
345458,広島県,神石郡神石高原町,8691 
350001,山口県,-,1356144 
352012,山口県,下関市,257553 
352021,山口県,宇部市,163112 
352039,山口県,山口市,190663 
352047,山口県,萩市,45508 
352063,山口県,防府市,115405 
352071,山口県,下松市,57358 
352080,山口県,岩国市,132187 
352101,山口県,光市,50431 
352110,山口県,長門市,33094 
352128,山口県,柳井市,31087 
352136,山口県,美祢市,23375 
352152,山口県,周南市,140998 
352161,山口県,山陽小野田市,61565 
353001,山口県,大島郡,15242 
353051,山口県,大島郡周防大島町,15242 
353205,山口県,玖珂郡,6187 
353213,山口県,玖珂郡和木町,6187 
353400,山口県,熊毛郡,29195 
353418,山口県,熊毛郡上関町,2593 
353434,山口県,熊毛郡田布施町,15002 
353442,山口県,熊毛郡平生町,11600 
355003,山口県,阿武郡,3184 
355020,山口県,阿武郡阿武町,3184 
360007,徳島県,-,735070 
362018,徳島県,徳島市,252093 
362026,徳島県,鳴門市,56237 
362034,徳島県,小松島市,36897 
362042,徳島県,阿南市,71790 
362051,徳島県,吉野川市,40184 
362069,徳島県,阿波市,36581 
362077,徳島県,美馬市,28367 
362085,徳島県,三好市,24770 
363006,徳島県,勝浦郡,6564 
363014,徳島県,勝浦郡勝浦町,5053 
363022,徳島県,勝浦郡上勝町,1511 
363201,徳島県,名東郡,2251 
363219,徳島県,名東郡佐那河内村,2251 
363405,徳島県,名西郡,30693 
363413,徳島県,名西郡石井町,25580 
363421,徳島県,名西郡神山町,5113 
363600,徳島県,那賀郡,7916 
363685,徳島県,那賀郡那賀町,7916 
363804,徳島県,海部郡,19357 
363839,徳島県,海部郡牟岐町,3948 
363871,徳島県,海部郡美波町,6434 
363880,徳島県,海部郡海陽町,8975 
364002,徳島県,板野郡,98846 
364011,徳島県,板野郡松茂町,14950 
364029,徳島県,板野郡北島町,23281 
364037,徳島県,板野郡藍住町,35484 
364045,徳島県,板野郡板野町,13353 
364053,徳島県,板野郡上板町,11778 
364606,徳島県,美馬郡,8458 
364681,徳島県,美馬郡つるぎ町,8458 
364801,徳島県,三好郡,14066 
364894,徳島県,三好郡東みよし町,14066 
370002,香川県,-,973922 
372013,香川県,高松市,426260 
372021,香川県,丸亀市,112622 
372030,香川県,坂出市,52142 
372048,香川県,善通寺市,31495 
372056,香川県,観音寺市,59248 
372064,香川県,さぬき市,47310 
372072,香川県,東かがわ市,29628 
372081,香川県,三豊市,64293 
373206,香川県,小豆郡,27733 
373222,香川県,小豆郡土庄町,13514 
373249,香川県,小豆郡小豆島町,14219 
373401,香川県,木田郡,27715 
373419,香川県,木田郡三木町,27715 
373605,香川県,香川郡,3041 
373648,香川県,香川郡直島町,3041 
373800,香川県,綾歌郡,42322 
373869,香川県,綾歌郡宇多津町,18510 
373877,香川県,綾歌郡綾川町,23812 
374008,香川県,仲多度郡,50113 
374032,香川県,仲多度郡琴平町,8814 
374041,香川県,仲多度郡多度津町,23056 
374067,香川県,仲多度郡まんのう町,18243 
380008,愛媛県,-,1356343 
382019,愛媛県,松山市,509483 
382027,愛媛県,今治市,156254 
382035,愛媛県,宇和島市,73067 
382043,愛媛県,八幡浜市,32584 
382051,愛媛県,新居浜市,117846 
382060,愛媛県,西条市,108025 
382078,愛媛県,大洲市,42004 
382108,愛媛県,伊予市,36463 
382132,愛媛県,四国中央市,85450 
382141,愛媛県,西予市,36633 
382159,愛媛県,東温市,33537 
383406,愛媛県,越智郡,6556 
383562,愛媛県,越智郡上島町,6556 
383805,愛媛県,上浮穴郡,7924 
383864,愛媛県,上浮穴郡久万高原町,7924 
384003,愛媛県,伊予郡,51336 
384011,愛媛県,伊予郡松前町,30622 
384020,愛媛県,伊予郡砥部町,20714 
384208,愛媛県,喜多郡,16056 
384224,愛媛県,喜多郡内子町,16056 
384402,愛媛県,西宇和郡,8901 
384429,愛媛県,西宇和郡伊方町,8901 
384801,愛媛県,北宇和郡,13729 
384844,愛媛県,北宇和郡松野町,3814 
384887,愛媛県,北宇和郡鬼北町,9915 
385000,愛媛県,南宇和郡,20495 
385069,愛媛県,南宇和郡愛南町,20495 
390003,高知県,-,701531 
392014,高知県,高知市,325218 
392022,高知県,室戸市,12683 
392031,高知県,安芸市,16869 
392049,高知県,南国市,46941 
392057,高知県,土佐市,26708 
392065,高知県,須崎市,21088 
392081,高知県,宿毛市,19895 
392090,高知県,土佐清水市,12978 
392103,高知県,四万十市,33333 
392111,高知県,香南市,33193 
392120,高知県,香美市,25911 
393002,高知県,安芸郡,16377 
393011,高知県,安芸郡東洋町,2307 
393029,高知県,安芸郡奈半利町,3119 
393037,高知県,安芸郡田野町,2606 
393045,高知県,安芸郡安田町,2594 
393053,高知県,安芸郡北川村,1247 
393061,高知県,安芸郡馬路村,832 
393070,高知県,安芸郡芸西村,3672 
393401,高知県,長岡郡,6843 
393410,高知県,長岡郡本山町,3425 
393444,高知県,長岡郡大豊町,3418 
393606,高知県,土佐郡,4161 
393631,高知県,土佐郡土佐町,3784 
393649,高知県,土佐郡大川村,377 
393801,高知県,吾川郡,27341 
393860,高知県,吾川郡いの町,22235 
393878,高知県,吾川郡仁淀川町,5106 
394009,高知県,高岡郡,54839 
394017,高知県,高岡郡中土佐町,6473 
394025,高知県,高岡郡佐川町,12521 
394033,高知県,高岡郡越知町,5376 
394050,高知県,高岡郡檮原町,3404 
394106,高知県,高岡郡日高村,4980 
394114,高知県,高岡郡津野町,5620 
394122,高知県,高岡郡四万十町,16465 
394203,高知県,幡多郡,17153 
394246,高知県,幡多郡大月町,4805 
394271,高知県,幡多郡三原村,1489 
394289,高知県,幡多郡黒潮町,10859 
400009,福岡県,-,5124259 
401005,福岡県,北九州市,944712 
401013,福岡県,北九州市門司区,96393 
401030,福岡県,北九州市若松区,81995 
401056,福岡県,北九州市戸畑区,56942 
401064,福岡県,北九州市小倉北区,181522 
401072,福岡県,北九州市小倉南区,210095 
401081,福岡県,北九州市八幡東区,65452 
401099,福岡県,北九州市八幡西区,252313 
401307,福岡県,福岡市,1562767 
401315,福岡県,福岡市東区,315893 
401323,福岡県,福岡市博多区,235319 
401331,福岡県,福岡市中央区,192654 
401340,福岡県,福岡市南区,264517 
401358,福岡県,福岡市西区,208225 
401366,福岡県,福岡市城南区,125958 
401374,福岡県,福岡市早良区,220201 
402028,福岡県,大牟田市,111967 
402036,福岡県,久留米市,304666 
402044,福岡県,直方市,56240 
402052,福岡県,飯塚市,127552 
402061,福岡県,田川市,46781 
402079,福岡県,柳川市,65016 
402109,福岡県,八女市,61994 
402117,福岡県,筑後市,49532 
402125,福岡県,大川市,33375 
402133,福岡県,行橋市,73045 
402141,福岡県,豊前市,24940 
402150,福岡県,中間市,40992 
402168,福岡県,小郡市,59585 
402176,福岡県,筑紫野市,104616 
402184,福岡県,春日市,113313 
402192,福岡県,大野城市,101950 
402206,福岡県,宗像市,97201 
402214,福岡県,太宰府市,71922 
402231,福岡県,古賀市,59645 
402249,福岡県,福津市,67257 
402257,福岡県,うきは市,28916 
402265,福岡県,宮若市,27442 
402273,福岡県,嘉麻市,36946 
402281,福岡県,朝倉市,52160 
402290,福岡県,みやま市,36584 
402303,福岡県,糸島市,102547 
402311,福岡県,那珂川市,50444 
403407,福岡県,糟屋郡,235529 
403415,福岡県,糟屋郡宇美町,37345 
403423,福岡県,糟屋郡篠栗町,31536 
403431,福岡県,糟屋郡志免町,46612 
403440,福岡県,糟屋郡須惠町,28919 
403458,福岡県,糟屋郡新宮町,33690 
403482,福岡県,糟屋郡久山町,9181 
403491,福岡県,糟屋郡粕屋町,48246 
403806,福岡県,遠賀郡,92397 
403814,福岡県,遠賀郡芦屋町,13545 
403822,福岡県,遠賀郡水巻町,27990 
403831,福岡県,遠賀郡岡垣町,31650 
403849,福岡県,遠賀郡遠賀町,19212 
404004,福岡県,鞍手郡,22979 
404012,福岡県,鞍手郡小竹町,7416 
404021,福岡県,鞍手郡鞍手町,15563 
404209,福岡県,嘉穂郡,13301 
404217,福岡県,嘉穂郡桂川町,13301 
404403,福岡県,朝倉郡,32017 
404471,福岡県,朝倉郡筑前町,30004 
404489,福岡県,朝倉郡東峰村,2013 
405001,福岡県,三井郡,15828 
405035,福岡県,三井郡大刀洗町,15828 
405205,福岡県,三潴郡,14085 
405221,福岡県,三潴郡大木町,14085 
405400,福岡県,八女郡,19553 
405442,福岡県,八女郡広川町,19553 
406007,福岡県,田川郡,75777 
406015,福岡県,田川郡香春町,10712 
406023,福岡県,田川郡添田町,9360 
406040,福岡県,田川郡糸田町,8881 
406058,福岡県,田川郡川崎町,16173 
406082,福岡県,田川郡大任町,5221 
406091,福岡県,田川郡赤村,3072 
406104,福岡県,田川郡福智町,22358 
406201,福岡県,京都郡,56578 
406210,福岡県,京都郡苅田町,37451 
406252,福岡県,京都郡みやこ町,19127 
406406,福岡県,築上郡,32108 
406422,福岡県,築上郡吉富町,6725 
406465,福岡県,築上郡上毛町,7577 
406473,福岡県,築上郡築上町,17806 
410004,佐賀県,-,818251 
412015,佐賀県,佐賀市,231648 
412023,佐賀県,唐津市,119869 
412031,佐賀県,鳥栖市,73983 
412040,佐賀県,多久市,18721 
412058,佐賀県,伊万里市,53948 
412066,佐賀県,武雄市,48637 
412074,佐賀県,鹿島市,28606 
412082,佐賀県,小城市,44953 
412091,佐賀県,嬉野市,25677 
412104,佐賀県,神埼市,31262 
413208,佐賀県,神埼郡,16169 
413275,佐賀県,神埼郡吉野ヶ里町,16169 
413402,佐賀県,三養基郡,52858 
413411,佐賀県,三養基郡基山町,17457 
413453,佐賀県,三養基郡上峰町,9653 
413461,佐賀県,三養基郡みやき町,25748 
413801,佐賀県,東松浦郡,5406 
413879,佐賀県,東松浦郡玄海町,5406 
414000,佐賀県,西松浦郡,19501 
414018,佐賀県,西松浦郡有田町,19501 
414204,佐賀県,杵島郡,38480 
414239,佐賀県,杵島郡大町町,6306 
414247,佐賀県,杵島郡江北町,9709 
414255,佐賀県,杵島郡白石町,22465 
414409,佐賀県,藤津郡,8533 
414417,佐賀県,藤津郡太良町,8533 
420000,長崎県,-,1336023 
422011,長崎県,長崎市,411505 
422029,長崎県,佐世保市,246441 
422037,長崎県,島原市,44386 
422045,長崎県,諫早市,135869 
422053,長崎県,大村市,97336 
422070,長崎県,平戸市,30265 
422088,長崎県,松浦市,22137 
422096,長崎県,対馬市,29663 
422100,長崎県,壱岐市,25977 
422118,長崎県,五島市,36288 
422126,長崎県,西海市,26998 
422134,長崎県,雲仙市,42783 
422142,長崎県,南島原市,44440 
423009,長崎県,西彼杵郡,70935 
423076,長崎県,西彼杵郡長与町,41369 
423084,長崎県,西彼杵郡時津町,29566 
423203,長崎県,東彼杵郡,36080 
423211,長崎県,東彼杵郡東彼杵町,7732 
423220,長崎県,東彼杵郡川棚町,13783 
423238,長崎県,東彼杵郡波佐見町,14565 
423807,長崎県,北松浦郡,16436 
423831,長崎県,北松浦郡小値賀町,2336 
423912,長崎県,北松浦郡佐々町,14100 
424005,長崎県,南松浦郡,18484 
424111,長崎県,南松浦郡新上五島町,18484 
430005,熊本県,-,1758815 
431001,熊本県,熊本市,732702 
431010,熊本県,熊本市中央区,176568 
431028,熊本県,熊本市東区,190779 
431036,熊本県,熊本市西区,90724 
431044,熊本県,熊本市南区,132433 
431052,熊本県,熊本市北区,142198 
432024,熊本県,八代市,125470 
432032,熊本県,人吉市,31559 
432041,熊本県,荒尾市,51646 
432059,熊本県,水俣市,23756 
432067,熊本県,玉名市,65474 
432083,熊本県,山鹿市,50800 
432105,熊本県,菊池市,47990 
432113,熊本県,宇土市,36923 
432121,熊本県,上天草市,26254 
432130,熊本県,宇城市,58351 
432148,熊本県,阿蘇市,25484 
432156,熊本県,天草市,78252 
432164,熊本県,合志市,63033 
433403,熊本県,下益城郡,9663 
433489,熊本県,下益城郡美里町,9663 
433608,熊本県,玉名郡,40295 
433641,熊本県,玉名郡玉東町,5248 
433675,熊本県,玉名郡南関町,9450 
433683,熊本県,玉名郡長洲町,15905 
433691,熊本県,玉名郡和水町,9692 
434001,熊本県,菊池郡,78235 
434035,熊本県,菊池郡大津町,35394 
434043,熊本県,菊池郡菊陽町,42841 
434205,熊本県,阿蘇郡,35654 
434230,熊本県,阿蘇郡南小国町,3927 
434248,熊本県,阿蘇郡小国町,6910 
434256,熊本県,阿蘇郡産山村,1442 
434281,熊本県,阿蘇郡高森町,6253 
434329,熊本県,阿蘇郡西原村,6749 
434337,熊本県,阿蘇郡南阿蘇村,10373 
434400,熊本県,上益城郡,84910 
434418,熊本県,上益城郡御船町,16975 
434426,熊本県,上益城郡嘉島町,9766 
434434,熊本県,上益城郡益城町,33357 
434442,熊本県,上益城郡甲佐町,10445 
434477,熊本県,上益城郡山都町,14367 
434604,熊本県,八代郡,11551 
434680,熊本県,八代郡氷川町,11551 
434809,熊本県,葦北郡,21016 
434825,熊本県,葦北郡芦北町,16556 
434841,熊本県,葦北郡津奈木町,4460 
435007,熊本県,球磨郡,52826 
435015,熊本県,球磨郡錦町,10549 
435058,熊本県,球磨郡多良木町,9227 
435066,熊本県,球磨郡湯前町,3752 
435074,熊本県,球磨郡水上村,2135 
435104,熊本県,球磨郡相良村,4260 
435112,熊本県,球磨郡五木村,1033 
435121,熊本県,球磨郡山江村,3404 
435139,熊本県,球磨郡球磨村,3368 
435147,熊本県,球磨郡あさぎり町,15098 
435201,熊本県,天草郡,6971 
435317,熊本県,天草郡苓北町,6971 
440001,大分県,-,1141784 
442011,大分県,大分市,478463 
442020,大分県,別府市,115008 
442038,大分県,中津市,83808 
442046,大分県,日田市,63994 
442054,大分県,佐伯市,69606 
442062,大分県,臼杵市,37610 
442071,大分県,津久見市,16739 
442089,大分県,竹田市,20855 
442097,大分県,豊後高田市,22433 
442101,大分県,杵築市,28235 
442119,大分県,宇佐市,54845 
442127,大分県,豊後大野市,34692 
442135,大分県,由布市,33954 
442143,大分県,国東市,27163 
443204,大分県,東国東郡,1933 
443221,大分県,東国東郡姫島村,1933 
443409,大分県,速見郡,28344 
443417,大分県,速見郡日出町,28344 
444600,大分県,玖珠郡,24102 
444618,大分県,玖珠郡九重町,9122 
444626,大分県,玖珠郡玖珠町,14980 
450006,宮崎県,-,1087372 
452017,宮崎県,宮崎市,402038 
452025,宮崎県,都城市,163571 
452033,宮崎県,延岡市,120924 
452041,宮崎県,日南市,51878 
452050,宮崎県,小林市,44634 
452068,宮崎県,日向市,60570 
452076,宮崎県,串間市,17722 
452084,宮崎県,西都市,29648 
452092,宮崎県,えびの市,18815 
453404,宮崎県,北諸県郡,26026 
453412,宮崎県,北諸県郡三股町,26026 
453609,宮崎県,西諸県郡,9130 
453617,宮崎県,西諸県郡高原町,9130 
453803,宮崎県,東諸県郡,26280 
453820,宮崎県,東諸県郡国富町,19082 
453838,宮崎県,東諸県郡綾町,7198 
454001,宮崎県,児湯郡,69479 
454010,宮崎県,児湯郡高鍋町,20141 
454028,宮崎県,児湯郡新富町,17208 
454036,宮崎県,児湯郡西米良村,1102 
454044,宮崎県,児湯郡木城町,5081 
454052,宮崎県,児湯郡川南町,15490 
454061,宮崎県,児湯郡都農町,10457 
454206,宮崎県,東臼杵郡,27216 
454214,宮崎県,東臼杵郡門川町,17815 
454290,宮崎県,東臼杵郡諸塚村,1586 
454303,宮崎県,東臼杵郡椎葉村,2692 
454311,宮崎県,東臼杵郡美郷町,5123 
454401,宮崎県,西臼杵郡,19441 
454419,宮崎県,西臼杵郡高千穂町,11874 
454427,宮崎県,西臼杵郡日之影町,3844 
454435,宮崎県,西臼杵郡五ヶ瀬町,3723 
460001,鹿児島県,-,1617850 
462012,鹿児島県,鹿児島市,601546 
462039,鹿児島県,鹿屋市,102200 
462047,鹿児島県,枕崎市,20479 
462063,鹿児島県,阿久根市,19842 
462080,鹿児島県,出水市,53097 
462101,鹿児島県,指宿市,39763 
462136,鹿児島県,西之表市,14958 
462144,鹿児島県,垂水市,14283 
462152,鹿児島県,薩摩川内市,93581 
462161,鹿児島県,日置市,47781 
462179,鹿児島県,曽於市,34853 
462187,鹿児島県,霧島市,124993 
462195,鹿児島県,いちき串木野市,27251 
462209,鹿児島県,南さつま市,33365 
462217,鹿児島県,志布志市,30646 
462225,鹿児島県,奄美市,42622 
462233,鹿児島県,南九州市,34152 
462241,鹿児島県,伊佐市,25072 
462250,鹿児島県,姶良市,77711 
463001,鹿児島県,鹿児島郡,1068 
463035,鹿児島県,鹿児島郡三島村,384 
463043,鹿児島県,鹿児島郡十島村,684 
463809,鹿児島県,薩摩郡,20573 
463922,鹿児島県,薩摩郡さつま町,20573 
464007,鹿児島県,出水郡,10219 
464040,鹿児島県,出水郡長島町,10219 
464406,鹿児島県,姶良郡,9005 
464520,鹿児島県,姶良郡湧水町,9005 
464601,鹿児島県,曽於郡,12758 
464686,鹿児島県,曽於郡大崎町,12758 
464805,鹿児島県,肝属郡,35357 
464821,鹿児島県,肝属郡東串良町,6538 
464902,鹿児島県,肝属郡錦江町,7171 
464911,鹿児島県,肝属郡南大隅町,6792 
464929,鹿児島県,肝属郡肝付町,14856 
465003,鹿児島県,熊毛郡,25472 
465011,鹿児島県,熊毛郡中種子町,7775 
465020,鹿児島県,熊毛郡南種子町,5550 
465054,鹿児島県,熊毛郡屋久島町,12147 
465208,鹿児島県,大島郡,65203 
465232,鹿児島県,大島郡大和村,1432 
465241,鹿児島県,大島郡宇検村,1700 
465259,鹿児島県,大島郡瀬戸内町,8817 
465275,鹿児島県,大島郡龍郷町,6040 
465291,鹿児島県,大島郡喜界町,6870 
465305,鹿児島県,大島郡徳之島町,10569 
465313,鹿児島県,大島郡天城町,5806 
465321,鹿児島県,大島郡伊仙町,6527 
465330,鹿児島県,大島郡和泊町,6427 
465348,鹿児島県,大島郡知名町,5796 
465356,鹿児島県,大島郡与論町,5219 
470007,沖縄県,-,1485484 
472018,沖縄県,那覇市,320467 
472051,沖縄県,宜野湾市,100462 
472077,沖縄県,石垣市,49848 
472085,沖縄県,浦添市,115548 
472093,沖縄県,名護市,63724 
472107,沖縄県,糸満市,62349 
472115,沖縄県,沖縄市,142973 
472123,沖縄県,豊見城市,65766 
472131,沖縄県,うるま市,125338 
472140,沖縄県,宮古島市,55577 
472158,沖縄県,南城市,44924 
473006,沖縄県,国頭郡,65057 
473014,沖縄県,国頭郡国頭村,4615 
473022,沖縄県,国頭郡大宜味村,3074 
473031,沖縄県,国頭郡東村,1731 
473065,沖縄県,国頭郡今帰仁村,9322 
473081,沖縄県,国頭郡本部町,13153 
473111,沖縄県,国頭郡恩納村,11050 
473138,沖縄県,国頭郡宜野座村,6187 
473146,沖縄県,国頭郡金武町,11450 
473154,沖縄県,国頭郡伊江村,4475 
473201,沖縄県,中頭郡,159222 
473243,沖縄県,中頭郡読谷村,41642 
473251,沖縄県,中頭郡嘉手納町,13409 
473260,沖縄県,中頭郡北谷町,28850 
473278,沖縄県,中頭郡北中城村,17821 
473286,沖縄県,中頭郡中城村,22046 
473294,沖縄県,中頭郡西原町,35454 
473405,沖縄県,島尻郡,107129 
473481,沖縄県,島尻郡与那原町,20117 
473502,沖縄県,島尻郡南風原町,40375 
473537,沖縄県,島尻郡渡嘉敷村,724 
473545,沖縄県,島尻郡座間味村,915 
473553,沖縄県,島尻郡粟国村,689 
473561,沖縄県,島尻郡渡名喜村,345 
473570,沖縄県,島尻郡南大東村,1257 
473588,沖縄県,島尻郡北大東村,567 
473596,沖縄県,島尻郡伊平屋村,1210 
473600,沖縄県,島尻郡伊是名村,1354 
473618,沖縄県,島尻郡久米島町,7694 
473626,沖縄県,島尻郡八重瀬町,31882 
473707,沖縄県,宮古郡,1103 
473758,沖縄県,宮古郡多良間村,1103 
473804,沖縄県,八重山郡,5997 
473812,沖縄県,八重山郡竹富町,4300 
473821,沖縄県,八重山郡与那国町,1697 
注：増減率、自然増減率及び社会増減率内の「-」は、「皆増」を示す,,,
